Abancourt;0.0
Abancourt;125.8
Abancourt;50.8
Abbaretz;469.5
Abbeville;175.4
Ablon;14.2
Achères-Grand-Cormier;21.3
Achères-Ville;23.6
Acheux-Franleu;191.1
Achiet;174.0
Aéroport-Charles-de-Gaulle 2-TGV;7.5
Agay;170.0
Agde;452.2
Agen;135.5
Agonac;484.4
Aguilcourt-Variscourt;18.2
Aiffres;0.0
Aiffres;420.2
Aigrefeuille-Le Thou;122.6
Aiguebelette-le-Lac;92.2
Aiguebelle;175.2
Aigueperse;389.1
Aigues-Mortes;39.4
Aigues-Vives;45.9
Aiguillon;107.5
Aillevillers;94.2
Aillevillers;94.2
Aillevillers;94.2
Ailly-sur-Noye;111.1
Ailly-sur-Somme;140.0
Aimargues;26.6
Aime-La Plagne;66.6
Aire-sur-l'Adour;179.3
Aire-sur-la-Lys;60.0
Airvault-Gare;349.6
Aiserey;334.7
Aix-en-Provence;408.3
Aix-en-Provence-Marchandises;0.1
Aix-en-Provence-Marchandises;16.7
Aix-en-Provence-TGV;699.1
Aixe-sur-Vienne;412.9
Aix-les-Bains-Le Revard;0.1
Aix-les-Bains-Le Revard;123.6
Alaï;115.8
Albens;12.1
Albert;155.1
Albertville;23.6
Albi;413.3
Albias;650.7
Albigny-Neuville;493.6
Albi-Madeleine;415.3
Alençon;0.0
Alençon;0.0
Alençon;56.0
Alès;674.1
Alès;765.1
Alet-les-Bains;382.4
Alixan-Châteauneuf-d'Isère;11.8
Alland'huy;6.2
Allassac;483.5
Allée-de-la-Tour-Rendez-Vous;2.3
Allenc;662.6
Alleyras;554.3
Allonnes-Boisville;92.6
Alouette-France;9.5
Altkirch;0.0
Altkirch;474.2
Amagne-Lucquy;102.0
Ambazac;383.3
Ambérieu;0.0
Ambérieu;51.5
Ambérieu;68.3
Amboise;212.2
Ambronay-Priay;61.3
Amiens;130.6
Amifontaine;27.9
Amilly-Ouerray;94.2
Amplepuis;448.8
Ancenis;397.2
Ancerville-Guë;239.8
Anchamps;171.6
Anché-Voulon;365.2
Ancy-sur-Moselle;343.0
Andelot;0.0
Andelot;416.5
Andrésy;29.4
Andrézieux;129.6
Angers-Maître-École;305.8
Angers-St-Laud;342.9
Angers-St-Serge;351.3
Angerville;74.4
Anglefort;110.4
Angoulême;449.4
Angoulins-sur-Mer;185.0
Aniche;219.3
Anizy-Pinon;122.5
Annappes;6.3
Annecy;39.6
Annemasse;76.4
Anor;114.4
Anor;204.7
Anould;3.2
Anse;482.1
Anstaing;261.4
Anthéor-Cap-Roux;173.8
Antibes;204.2
Anvin;82.9
Anzeling;29.6
Anzeling;29.6
Apach;21.0
Appilly;115.3
Arbanats;23.4
Arbois;401.1
Arcachon;58.0
Arc-et-Senans;27.4
Arc-et-Senans;385.9
Arches;0.0
Arches;11.5
Archignat;342.4
Arcis-sur-Aube;53.2
Arenc-Euroméditerranée;859.2
Arengosse;117.6
Argelès-sur-Mer;489.5
Argentan;0.0
Argentan;99.0
Argenteuil;10.0
Argenteuil;9.9
Argenteuil GC;41.5
Argentière;27.3
Argenton-sur-Creuse;295.1
Arles;776.4
Arleux;212.6
Armentières;20.1
Armentières;242.9
Arnage;325.8
Arnèke;281.0
Arpajon;36.8
Arques-la-Bataille;161.4
Arques (Pas-de-Calais);67.0
Arques (Pas-de-Calais);75.6
Arras;192.1
Arras;192.1
Arrou;137.8
Ars-sur-Moselle;345.2
Artenay;101.5
Artix;236.0
Artonges;18.1
Arvant;478.7
Arzembouy;260.3
Ascq;7.3
Asnières-lès-Bourges;130.5
Asnières-sur-Seine;4.5
Asnières-sur-Seine;4.5
Asnières-sur-Seine;4.5
Aspres-sur-Buëch;109.3
Aspres-sur-Buëch;233.4
Assat;208.2
Assier;218.8
Athies-sous-Laon;144.2
Athis-Mons;16.0
Athis-Mons;88.9
Attichy;79.7
Attigny (Ardennes);9.9
Attin-Garage;125.1
Aubagne;16.9
Aubazine-St-Hilaire;158.0
Aubergenville-Élisabethville;45.5
Aubiat;393.9
Aubie-St-Antoine;587.3
Aubiet;70.1
Aubigné-Racan;295.9
Aubigny-au-Bac;208.8
Aubigny-en-Artois;211.0
Aubigny-sur-Nère;83.1
Aubin;262.3
Aubin-St-Vaast;106.5
Auboué;327.3
Aubrives;199.8
Aubusson;412.9
Auch;88.4
Auchy-lès-Hesdin;96.7
Audrieu;258.5
Audruicq;86.9
Audun-le-Roman;21.8
Audun-le-Roman;252.9
Auffay;174.8
Aulnat-Aéroport;5.1
Aulnay-sous-Bois;14.4
Aulnay-sous-Bois;14.4
Aulnay-sous-Bois;7.9
Aulnoye-Aymeries;215.6
Aumale;136.1
Aumont-Aubrac;641.9
Aunay-Tréon;34.7
Auneau;22.3
Auneau;65.8
Auneau;76.5
Auray;584.9
Aurec;113.7
Aurillac;302.7
Auterive;33.4
Autet;37.1
Autrey-lès-Gray;343.3
Autun;14.6
Auvers-sur-Oise;33.6
Auxerre-St-Gervais;174.2
Auxonne;346.1
Auxy-Juranville;101.9
Avallon;228.7
Avenay;148.4
Avenue-du-Président-Kennedy-Radio-France;3.1
Avenue-Foch;5.3
Avenue-Henri-Martin;4.5
Avesnelles;94.9
Avesnes;93.7
Avignon-Centre;4.8
Avignon-Centre;741.3
Avignonet;296.5
Avignon-Fontcouverte;2.3
Avignon-TGV;625.2
Avion;208.7
Avord;254.6
Avoudrey;445.9
Avranches;93.9
Avrechy;72.7
Avrigny;40.0
Ax-les-Thermes;123.3
Ay;144.7
Ayron-Latillé;13.5
Aytré;136.0
Aytré-Plage;182.6
Azay-le-Rideau;224.6
Azay-sur-Cher;297.0
Azerailles;403.7
Babinière;435.1
Baccarat;409.5
Bacouël;12.2
Badan;134.9
Badan;540.5
Bagnac;251.6
Bagneaux-sur-Loing;90.7
Bagnols-Chadenet;658.9
Baigts-de-Béarn;264.0
Baillargues;64.3
Bailleau-le-Pin;102.9
Bailleul;31.7
Bailleul-Sir-Berthoult;200.2
Bailleul-sur-Thérain;9.9
Bains-les-Bains;80.2
Bainville-sur-Madon;15.6
Baisieux;12.6
Balagny-St-Épin;62.7
Balbigny;452.1
Baleycourt;270.0
Ballan;240.7
Ballancourt;46.7
Balsièges-Bourg;637.4
Banassac-La Canourgue;605.6
Bandol;50.6
Bannalec;654.0
Bantzenheim;14.3
Bantzenheim;25.1
Banyuls-sur-Mer;502.1
Baraqueville-Carcenac-Peyralès;473.4
Barbentane-Rognonas;747.4
Barentin-Embranchement;156.7
Barentin-Embranchement;156.7
Barenton-Bugny;147.7
Barjac;632.3
Bar-le-Duc;253.6
Baroncourt;0.0
Baroncourt;22.3
Barr;17.4
Barsac;33.4
Bar-sur-Aube;220.6
Bar-sur-Seine;198.8
Bartenheim;128.1
Base Aérienne;213.4
Bas-Évette;435.8
Bas-Évette;435.8
Bas-Monistrol;102.8
Basse-Ham;5.6
Bassens;574.6
Bassens;574.6
Bassens-Appontements;574.8
Bassens-Appontements;6.9
Batilly;325.4
Batz-sur-Mer;517.2
Baud;610.3
Baule;143.4
Baume-les-Dames;437.9
Bauvin-Provin;222.4
Bauvin-Provin;233.1
Bavay;256.2
Bavay;69.8
Bayard;249.3
Bayeux;268.8
Bayon;15.0
Bayonne;197.6
Bayonne-Allées-Marines;203.9
Bazancourt;71.7
Bazeilles;164.4
Baziège;279.4
Bazoches;23.2
Béard;24.5
Beaucaire;0.8
Beaucaire-Marchandises;2.9
Beaucaire-Marchandises;86.3
Beaugency;148.2
Beaulieu-Le Coudray;5.8
Beaulieu-sur-Mer;230.7
Beau-Marais;40.2
Beaumont-de-Lomagne;212.4
Beaumont-le-Roger;143.2
Beaune;351.2
Beaune-la-Rolande;114.7
Beaurainville;112.8
Beaurepaire;20.3
Beautiran;18.1
Beauvais;78.6
Beauvoir-sur-Niort;434.2
Beauvoisin;15.7
Bécon-les-Bruyères;5.7
Bédarieux;457.8
Bédarieux;474.5
Bédarrides;727.2
Bedous;275.4
Bègles;3.0
Beillant;0.0
Beillant;501.2
Beinheim-Embranchement;42.0
Belfort;442.7
Belfort;442.7
Belfort;501.6
Belfort-Montbéliard-TGV;133.9
Bellac;431.7
Bellegarde;134.4
Bellegarde;64.5
Belle-Isle-Bégard;519.8
Bellenaves;375.6
Belleville;351.6
Belleville-sur-Saône;462.7
Belleville-Vendée;63.0
Bellevue;8.5
Bellignat;106.8
Belloy-St-Martin;29.2
Belvès;570.1
Belvezet;674.3
Belz-Ploemel;591.6
Béna-Fanes;61.3
Bénesse-Maremne;178.1
Bénestroff;101.4
Bénestroff;34.5
Bénestroff;56.1
Benfeld;26.7
Bengy;263.1
Béning;106.5
Béning;38.9
Bergerac;607.5
Bergues;296.8
Berlaimont;79.1
Bernay;158.8
Berre;828.6
Bersac;362.2
Berthelming;0.0
Berthelming;78.1
Bertrichamps;414.0
Bertry;186.4
Besançon-Franche-Comté-TGV;52.0
Besançon-Mouillère;408.8
Besançon-St-Fergeux;402.3
Besançon-Viotte;405.8
Beslé;425.9
Bessancourt;22.0
Bessay;326.5
Bessé-sur-Braye;184.0
Bessines;447.2
Bétaille;644.0
Bétheniville;16.6
Béthune;229.9
Béthune-Rivage;39.4
Betton;386.1
Beuvrages;246.3
Beuvrages;43.8
Beuvry (Pas-de-Calais);36.1
Beuzeville (Eure);183.8
Beynes;38.5
Beynost;21.0
Béziers;431.6
Biache-St-Vaast;204.3
Biarritz;207.3
Bibliothèque-François-Mitterrand;1.8
Bidarray-Pont-Noblia;232.9
Bidos;252.3
Bièvres;111.0
Biffontaine;28.2
Bigny;264.1
Billy-Montigny;215.0
Biot;207.2
Bischheim;3.4
Bischoffsheim;27.7
Bischwiller;16.8
Bitche-Camp;41.1
Bitschwiller (Haut-Rhin);17.7
Blagny;182.3
Blainville-Damelevières;375.5
Blaisy-Bas;287.9
Blanc-Misseron;260.1
Blanc-Misseron;57.9
Blangy-sur-Bresle;158.5
Blangy-sur-Ternoise;89.7
Blanquefort;8.0
Blanzy;98.4
Blanzy-Poste;99.7
Blaye;24.5
Bléré-la-Croix;286.7
Blodelsheim;16.5
Blois-Chambord;179.8
Blonville-sur-Mer-Benerville;42.4
Bobigny;0.0
Bobigny;57.7
Boën;94.0
Bogny-sur-Meuse;158.0
Bohain;174.5
Boigneville;70.3
Bois-Colombes;5.8
Bois-Colombes;5.8
Bois-d'Oingt-Légny;85.0
Bois-le-Roi;50.9
Boisleux;183.1
Boisseaux;80.9
Boisset;269.3
Boissise-le-Roi;49.9
Boissy-l'Aillerie;34.9
Bolbec-Nointot;196.7
Bollène-la-Croisière;694.4
Bollwiller;0.0
Bollwiller;91.0
Bologne;0.0
Bologne;293.0
Bolquère-Eyne;30.2
Bondy;0.0
Bondy;10.3
Bon-Encontre;140.7
Bon-Encontre;140.7
Bonnard-Bassou;159.2
Bonnemain;422.8
Bonneval;119.5
Bonneville;10.0
Bonnières;68.8
Bons-en-Chablais;186.6
Bonson;126.5
Boran-sur-Oise;52.8
Bordeaux-Bastide;579.4
Bordeaux-St-Jean;0.0
Bordeaux-St-Jean;0.0
Bordeaux-St-Jean;583.8
Bords;225.4
Bornel-Belle-Église;45.2
Bossey-Veyrier;165.9
Bouaye;14.6
Bouchain;219.8
Boucoiran;693.1
Bouffémont-Moisselles;22.0
Bougival;22.2
Bouilly-Roncenay;178.9
Boulainvilliers;3.6
Boulazac;81.7
Boulogne-Tintelleries;254.9
Boulouris-sur-Mer;164.8
Bouray;39.7
Bourbourg;17.6
Bourganeuf;448.4
Bourg-Bruche;58.5
Bourg-en-Bresse;0.0
Bourg-en-Bresse;37.0
Bourg-en-Bresse;505.5
Bourg-en-Bresse;65.1
Bourg-en-Bresse;77.8
Bourges;232.8
Bourg-Madame;55.7
Bourgneuf-en-Retz;14.5
Bourgoin-Jallieu;41.7
Bourg-St-Maurice;80.2
Bourgtheroulde-Thuit-Hébert;33.9
Bournezeau;57.6
Bourron-Marlotte-Grez;78.5
Bourth;126.7
Boussay-La Bruffière;9.7
Boussens;65.7
Boussy-St-Antoine;24.0
Bouthéon;487.3
Boutigny;59.1
Bouvines;258.0
Bouy;190.6
Bouzonville;37.0
Boves;122.0
Boves;143.3
Braine;16.8
Bram;327.1
Brandérion;604.1
Brassac-les-Mines-Ste-Florine;472.9
Brax-Léguevin;26.4
Brazey-en-Plaine;340.7
Bréauté-Beuzeville;202.2
Brebières-Sud;210.0
Breil-sur-Roya;44.1
Breil-sur-Roya;77.7
Breitenbach;21.1
Brélidy-Plouëc;520.0
Brens-Virignin;100.4
Bresles;14.3
Bressuire;122.6
Bressuire;89.8
Brest;622.4
Breteil;391.4
Bretenoux-Biars;653.5
Breteuil;54.5
Breteuil-Embranchement;94.9
Breteuil-Ville;101.7
Brétigny;31.3
Bretigny-Norges;331.0
Bretoncelles;134.3
Bretteville-Norrey;252.2
Breuillet-Bruyères-le-Châtel;40.7
Breuillet-Village;42.7
Breuil-Romain;34.3
Bréval;70.9
Briançon;348.9
Briare;164.0
Bricon;0.0
Bricon;249.5
Bricy-Boulay;60.5
Brienne-le-Château;208.1
Brienon;163.5
Brignac;402.4
Brignais;125.3
Brignoud;20.0
Brimeux;118.1
Brion-Laizy;5.5
Brion-Montréal-la-Cluse;116.5
Brion-Montréal-la-Cluse;35.6
Brionne;10.4
Brion-sur-Ource;35.3
Brioude;489.1
Briouze;0.0
Briouze;29.1
Brive-la-Gaillarde;500.0
Broons;427.8
Brou;124.4
Broye;113.4
Bruges;4.3
Brumath;484.9
Brunémont;210.5
Brunoy;21.1
Bruyères;19.3
Bruyères;54.6
Bruyères-sur-Oise;49.6
Bruz;383.9
Bry-sur-Marne;13.1
Buchères-Verrières;175.0
Bueil;29.8
Bueil;80.1
Bugeat;458.6
Buire-sur-l'Ancre;149.0
Bully-Grenay;218.8
Buno-Gironville;67.0
Busigny;180.3
Bussac;564.0
Busseau-sur-Creuse;389.8
Bussière-Galant;438.6
Bussière-Galant;491.7
Bussy-Lettrée-Vatry;16.3
Buzançais;280.0
Buzançais;327.9
Buzy-en-Béarn;235.3
Buzy-en-Béarn;235.3
Buzy (Meuse);304.9
Byans;15.1
Cadaujac;8.5
Caen;238.9
Caffiers;278.3
Cagnes-sur-Mer;212.7
Cahors;600.1
Calais-Fréthun;112.6
Calais-Fréthun;286.9
Calais-Ville;294.7
Callac;537.6
Calonne-Ricouart;54.5
Cambo-les-Bains;216.6
Cambrai;194.5
Cambrai-Annexe;205.8
Campagnac-St-Geniez;593.2
Campagne;395.6
Cannes;193.1
Cannes-la-Bocca;190.4
Cannes-la-Bocca;2.7
Cannes-Marchandises;189.6
Cantin;215.7
Cap-d'Ail;236.9
Capdenac;243.2
Cap-Martin-Roquebrune;244.5
Capvern;126.0
Carantilly-Marigny;31.8
Carbonne;41.4
Carcassonne;347.3
Carentan;313.3
Carhaix;558.0
Carignan;180.5
Carmaux;429.8
Carnoët-Locarn;548.2
Carnolès;246.9
Carnoules;101.5
Carpentras;16.5
Carpentras;21.9
Carquefou;383.8
Carry-le-Rouet;854.8
Cases-de-Pène;463.8
Casino-Lacroix-Laval;9.5
Cassel;273.8
Cassis;26.8
Castelnaudary;311.2
Castelnau-d'Estrétefonds;235.0
Castelsarrasin;187.2
Castelsarrasin;187.2
Castillon;564.5
Castres;366.1
Cattenières;196.6
Caudéran-Mérignac;9.3
Caudiès;425.6
Caudrot;51.1
Caudry;190.7
Caulnes;419.5
Caussade;640.0
Cavaillon;0.0
Cavaillon;32.9
Cavaillon (MIN);33.9
Cavignac;0.0
Cavignac;576.5
Cazères-sur-Garonne;55.8
Ceilhes-Roqueredonde;500.3
Ceintrey;24.7
Celon;305.4
Cenon;580.0
Cerbère;508.7
Cercottes;112.1
Cercy-la-Tour;310.8
Cercy-la-Tour;52.4
Cergy-le-Haut;38.4
Cergy-Préfecture;32.8
Cergy-St-Christophe;36.7
Cerizay;107.9
Cernay;15.4
Cernay;9.1
Cérons;29.9
Cessieu;50.6
Cesson;37.7
Cesson-Sévigné;367.9
Ceyzériat;9.9
Chabanais;455.0
Chabenet;290.2
Châbons;79.5
Chabris;222.1
Chagny;162.4
Chagny;366.2
Chagny;4.5
Chaingy-Fourneaux-Plage;132.1
Chalais;500.0
Chalandray;19.7
Challans;59.1
Chalonnes;5.6
Châlons-en-Champagne;172.2
Chalon-sur-Saône;382.1
Chamalières-sur-Loire;81.6
Chamarande;45.9
Chambéry-Challes-les-Eaux;137.7
Chambly;40.9
Chamborigaud;647.1
Chambourg;276.0
Chamelet;74.6
Chamonix-Aiguille du Midi;18.3
Chamonix-Mont-Blanc;19.0
Chamousset;166.8
Chamousset;166.9
Champagné;199.6
Champagne-Ardenne-TGV;113.8
Champagne-Ardenne-TGV;1.5
Champagne-sur-Oise;43.0
Champagne-sur-Seine;80.0
Champagney;427.2
Champagnole;13.7
Champbenoist-Poigny;93.3
Champ-de-Courses-d'Enghien;12.6
Champ-de-Mars-Tour-Eiffel;2.1
Champ-de-Mars-Tour-Eiffel;2.1
Champigneulles;347.2
Champigny-sur-Yonne;94.0
Champlan;102.4
Champs-St-Bris;182.0
Champtocé-sur-Loire;372.7
Chanac;625.7
Changis-St-Jean;57.7
Chanteloup-les-Vignes;31.1
Chantenay;435.1
Chantenay-St-Imbert;289.9
Chantilly-Gouvieux;40.9
Chantonnay;24.9
Chantonnay;70.2
Chapeauroux;567.9
Chaponost;122.3
Chaponval;30.9
Charbonnières-les-Bains;8.7
Charleville-Mézières;142.5
Charmant;470.7
Charmes;25.3
Charmont;70.8
Chars;47.6
Chartres;87.1
Chartrettes;62.7
Chasseneuil-sur-Bonnieure;480.4
Chasseneuil (Vienne);328.1
Chasseradès;683.8
Chasse-sur-Rhône;4.0
Chasse-sur-Rhône;532.0
Château-Arnoux-St-Auban;306.9
Château-Arnoux-St-Auban;306.9
Châteaubourg;352.6
Châteaubriant;355.5
Châteaubriant Tram-Train;491.8
Château-Chinon;306.7
Château-du-Loir;217.0
Château-du-Loir;283.9
Châteaudun;133.2
Château-Gaillard;94.4
Château-Gontier;289.9
Château-l'Évêque;491.2
Châteaulin;715.2
Châteauneuf-Bujaleuf;424.7
Châteauneuf-sur-Charente;44.4
Châteauneuf-sur-Cher;255.8
Châteauneuf-sur-Loire;147.3
Château-Renault;206.1
Châteauroux;264.1
Château-Thierry;94.5
Châtelaillon;188.9
Châtelaudren-Plouagat;491.9
Châtel-Censoir;210.3
Châtellerault;303.5
Châtel-Nomexy;35.9
Châtenois (Bas-Rhin);4.7
Châtenois-Dolaincourt;70.5
Châtillon-d'Azergues;91.7
Châtillon-sur-Indre;304.2
Châtillon-sur-Loire;169.3
Châtillon-sur-Seine;233.2
Châtillon-sur-Seine;35.4
Châtillon-sur-Seine;43.4
Châtres (Aube);138.4
Chauffailles;38.8
Chaugey;346.6
Chaulnes;131.8
Chaulnes;37.7
Chaumont;261.8
Chaumont;306.4
Chaumont-en-Vexin;60.5
Chauny;123.3
Chavanges;7.7
Chavenon;365.4
Chaville-Rive-Droite;18.6
Chaville-Rive-Gauche;12.5
Chaville-Vélizy;13.4
Chazay-Marcilly;489.4
Chécy-Mardié;132.3
Chedde;2.7
Cheilly-lès-Maranges;155.6
Chelles-Gournay;18.3
Chemillé;20.4
Chemilly-Appoigny;162.7
Chemin-d'Antony;21.3
Chemin-Peseux;359.3
Chenevières;398.1
Chenonceaux-Chisseaux;280.7
Chepy-Valines;193.4
Cherbourg;370.3
Chessy;89.6
Chevaigné;389.5
Chevigny-St-Sauveur;325.8
Chevillon;253.5
Chevilly;107.5
Chèvremont;448.5
Chevrières;68.7
Chevry;165.7
Chézy-sur-Marne;88.1
Chilly-Mazarin;100.1
Chindrieux;108.3
Chinon;200.9
Chirac;617.4
Chissay-en-Touraine;275.5
Chivres-en-Laonnois;157.8
Chocques;235.8
Choisy-le-Roi;9.5
Choisy-le-Roi;9.5
Cholet;42.5
Chorges;282.5
Chouzy;189.1
Cinq-Mars-la-Pile;255.8
Cintegabelle;39.8
Cires-lès-Mello;59.6
Ciry-le-Noble;85.6
Ciry-Sermoise;10.0
Civray-Ville;434.4
Civrieux-d'Azergues;99.5
Civry-St-Cloud;30.7
Cize-Bolozon;25.1
Clacy-Mons;134.6
Clairvaux;233.6
Clamart;5.2
Clamecy;226.7
Clamecy;226.7
Clelles-Mens;187.5
Clérac-Charente;53.9
Clères;0.0
Clères;160.6
Clermont-de-l'Oise;65.1
Clermont-Ferrand;419.3
Clermont-La Pardieu;422.9
Clermont-La Rotonde;505.7
Clermont-les-Fermes;165.7
Clerval;453.5
Clichy-Levallois;3.2
Clichy-Levallois;3.2
Clichy-Levallois;3.2
Clichy-Levallois;3.2
Clion-sur-Indre;312.0
Clion-sur-Seugne;528.3
Clisson;26.3
Clonas;558.2
Cloyes;145.8
Cluses;24.6
Coarraze-Nay;198.9
Coat-Guégan;520.2
Cobrieux;253.9
Cocheren;41.5
Cognac;17.3
Coignières;34.3
Colayrac;129.9
Coligny (Marne);23.1
Colleville-Ste-Hélène;65.1
Collioure;494.7
Collonges;336.9
Collonges-Fontaines;499.5
Colmar;0.0
Colmar;0.4
Colmar;65.8
Colmar-Mésanges;1.7
Colmar-St-Joseph;0.8
Colombes;7.2
Colombes;7.2
Colombier-Fontaine;472.2
Colombiers;424.7
Colomiers;16.4
Colomiers-Lycée-International;18.8
Colroy-Lubine;69.1
Coltainville;76.4
Combourg;415.2
Combs-la-Ville-Quincy;25.9
Comines;20.4
Commentry;340.8
Commentry;340.8
Commercy;294.0
Compans;29.1
Compiègne;83.6
Concarneau;679.7
Conches;125.2
Conchil-le-Temple;209.0
Condat-le-Lardin;122.5
Condé-sur-Huisne;140.9
Condé-sur-Vire;11.7
Condom;154.9
Conflans-Fin-d'Oise;25.7
Conflans-Fin-d'Oise;26.4
Conflans-Jarny;316.9
Conflans-Jarny;316.9
Conflans-Jarny;41.3
Conflans-Ste-Honorine;24.6
Conlie;234.7
Connantre;39.1
Connerré-Beillé;186.7
Contrexéville;63.3
Corbehem;212.0
Corbeil-Essonnes;10.9
Corbeil-Essonnes;32.4
Corbeil-Essonnes;32.4
Corbie;139.4
Corbigny;258.9
Corcieux-Vanémont;33.9
Corcy;87.3
Cordemais;459.1
Cordes-Vindrac;319.4
Corgoloin;342.6
Cormeilles-en-Parisis;16.3
Cormery;262.4
Cornil;165.4
Coron-de-Méricourt;213.0
Corps-Nuds;43.3
Corrèze;613.9
Corseul-Languenan;174.5
Cosne-sur-Loire;195.1
Coucy-lès-Eppes;41.0
Coudekerque-Branche;1.4
Coudekerque-Branche;303.4
Coudray-Montceaux;39.2
Couëron;445.7
Couffoulens-Leuc;356.8
Couhé-Vérac;370.1
Couilly-St-Germain;5.0
Couiza-Montazels;389.3
Coulanges-sur-Yonne;218.2
Couliboeuf;123.4
Coulombiers;14.4
Coulommiers;71.6
Courbevoie;7.4
Courcay-Tauxigny;266.2
Courcelles-le-Comte;178.1
Courcelles-sur-Nied;140.9
Courcy-Brimont;8.4
Coursan;412.1
Courtalain-St-Pellerin;140.9
Courtenay;153.1
Courthézon;721.7
Courville-sur-Eure;105.9
Courzieu-Brussieu;33.7
Cousance;463.3
Coussac-Bonneval;451.7
Coussey;55.1
Coutances;48.0
Coutras;531.1
Couze;624.8
Couzon-au-Mont-d'Or;496.6
Couzon (Loire);524.7
Cramoisy;55.5
Crancey;122.0
Cransac;265.0
Cravant-Bazarnes;191.4
Crêches-sur-Saône;446.8
Crécy-La Chapelle;9.9
Creil;50.3
Crépieux-la-Pape;11.3
Crépy-Couvron;97.2
Crépy-en-Valois;60.7
Crépy-en-Valois;75.9
Crest;17.0
Créteil-Pompadour;9.7
Creutzwald;121.3
Crissé;241.3
Crissey;97.8
Croix-l'Allumette;8.5
Croix-Sainte;837.3
Croix-Wasquehal;7.2
Cros-de-Cagnes;214.4
Crotelles;213.4
Crouy;108.8
Crouy-sur-Ourcq;68.5
Cruas;652.2
Cubzac-les-Ponts;593.3
Cuers-Pierrefeu;89.9
Cugand;4.0
Cuinchy;32.1
Culmont-Chalindrey;307.6
Culmont-Chalindrey;307.6
Culmont-Chalindrey;390.8
Culoz;101.3
Culoz;101.3
Cusset;3.5
Cysoing;256.5
Dachstein;16.4
Dambach-la-Ville;7.4
Damblain;36.9
Damiatte-St-Paul;279.8
Dammartin-Juilly-St-Mard;34.3
Dangé;289.3
Dannemarie;464.9
Dannemarie-Velesmes;393.4
Dannes-Camiers;233.7
Daours;136.1
Darcey (Côte-d'Or);264.6
Dardilly-le-Jubin;107.4
Dardilly-les-Mouilles;109.5
Darsac;31.4
Darsac;514.5
Dax;147.5
Decize;37.9
Dégagnac;571.8
Delle;464.1
Deluz;421.7
Denain;228.4
Dercy-Froidmont;156.5
Dercy-Mortiers;154.8
Desvres;102.4
Dettwiller;466.5
Deuil-Montmagny;11.5
Deûlémont;14.8
Devecey;418.4
Deville;163.5
Diarville;43.0
Die;53.8
Diemeringen;28.6
Diemeringen;48.4
Dienville;201.8
Dieppe;0.0
Dieppe;167.7
Dieppe;200.0
Dieulouard;355.4
Dieupentale;224.8
Digoin;55.7
Dijon-Porte-d'Ouche-Perrigny;316.0
Dijon-Porte-Neuve;321.9
Dijon-Ville;314.2
Dijon-Ville;314.2
Dijon-Ville;314.2
Dijon-Ville;314.2
Dinan;165.9
Dingé;406.9
Dirinon Loperhet;758.2
Dirinon Loperhet;758.2
Dissay;320.7
Distroff;9.0
Dives-Cabourg;27.7
Dives-sur-Mer-Port-Guillaume;28.4
Docelles-Cheniménil;7.9
Dol-de-Bretagne;431.3
Dole;360.5
Dombasle-sur-Meurthe;368.1
Domblans-Voiteur;428.5
Domène;11.0
Domfront;231.2
Dommartin-Lissieu;103.5
Dommartin-Remiencourt;116.5
Domont;20.1
Dompierre;88.7
Dompierre-Sept-Fons;27.8
Dompierre-sur-Mer;172.2
Donchery;154.1
Donges;481.0
Donjeux;272.7
Don-Sainghin;18.9
Don-Sainghin;227.3
Dontrien;23.2
Donzère;675.1
Dordives;101.3
Dorlisheim;31.9
Dormans;116.4
Douai;217.4
Douai;223.7
Doulon;391.9
Doulon;430.4
Dourdan;55.5
Dourdan-la-Forêt;56.5
Dourges;220.9
Douzies;81.1
Douzillac;47.4
Drancy;11.6
Drap-Cantaron;9.0
Drefféac;490.1
Dreuil-lès-Amiens;137.5
Dreux;1.3
Dreux;42.5
Dreux;81.2
Drulingen;19.6
Drusenheim;26.6
Druye;233.5
Dugny;46.4
Dugny-La Courneuve TT;53.7
Dunkerque;304.8
Dunkerque;304.8
Dunkerque-Port-Est;4.7
Dunkerque-Port-Ouest;16.7
Duppigheim;12.3
Durtol-Nohanent;498.3
Duttlenheim;13.9
Ebblinghem;55.8
Ebersheim;36.4
Ébersviller;25.6
Échirolles;135.2
École-Valentin;410.0
Écommoy;312.3
Écouché;10.1
Écouen-Ézanville;17.8
Écouflant;301.4
Écully-la-Demi-Lune;3.9
Égletons;632.3
Égly;38.3
Éguzon;316.4
Eichhoffen;14.9
Einvaux;7.5
Elbeuf-St-Aubin;49.5
Elbeuf-Ville;90.4
Elne;481.2
Elne;481.2
Éloyes;18.2
Embrun;304.5
Émerainville-Pontault-Combault;27.2
Empalot;5.9
Engenville;86.5
Enghien-les-Bains;11.4
Ennevelin;11.7
Ennezat-Clerlande;397.1
Entraigues-sur-la-Sorgue;4.3
Entrains;252.0
Entressen;804.6
Entzheim;9.1
Épanvilliers;379.0
Épehy;171.3
Epernay;141.4
Épernon;60.3
Epfig;12.5
Épierre-St-Léger;185.4
Épinal;0.0
Épinal;51.0
Épinay-sur-Orge;23.5
Épinay-sur-Seine;16.7
Épinay-sur-Seine TT;44.9
Épinay-Villetaneuse;9.0
Épinay-Villetaneuse;9.0
Épinay-Villetaneuse TT;47.0
Epiry-Montreuillon;271.3
Épluches;28.8
Époisses;249.5
Épône-Mézières;48.6
Épône-Mézières;52.2
Épouville;231.2
Éragny-Neuville;29.5
Erdre-Active;437.9
Ermont-Eaubonne;14.2
Ermont-Eaubonne;14.2
Ermont-Eaubonne;21.2
Ermont-Eaubonne (PSL);14.2
Ermont-Halte;15.6
Err;46.6
Erstein;19.8
Esbly;0.0
Esbly;36.1
Escalquens;269.5
Escaudoeuvres;208.3
Esches;48.6
Espéraza;392.3
Espira-de-l'Agly;467.3
Esquelbecq;287.5
Essonnes-Robinson;33.5
Estavar;42.5
Esternay;115.5
Estissac;110.3
Estrées-St-Denis;90.3
Estressin;540.0
Esvres;257.3
Étain;298.1
Étainhus-St-Romain;210.6
Étais (GS);244.2
Étalans;432.3
Étampes;55.9
Étang;104.7
Étaples-Le Touquet;134.3
Étaples-Le Touquet;226.3
Étigny-Véron;120.2
Étival-Clairefontaine;424.1
Étréchy;48.7
Étrépagny;15.7
Étriché-Châteauneuf;283.2
Eu;179.4
Eu;209.8
Eurville-Bienville;244.7
Évian-les-Bains;211.4
Évreux-Embranchement;107.3
Évron;269.4
Évry;29.5
Évry-Courcouronnes;7.0
Exideuil-sur-Vienne;459.5
Eymoutiers-Vassivière;433.9
Èze;233.5
Facture-Biganos;39.3
Fains-la-Folie;31.6
Farbus;202.9
Farébersviller;101.6
Faremoutiers-Pommeuse;64.5
Farschviller;96.8
Faubourg-d'Orléans;205.4
Fauga;28.3
Faulquemont;17.2
Fécamp;221.9
Fegersheim-Lipsheim;11.8
Feignies;230.4
Fellering;28.4
Felletin;423.0
Fenouillet;247.2
Fenouillet-St-Alban;247.2
Fépin;189.0
Fère-Champenoise;0.0
Fère-Champenoise;33.5
Fère-en-Tardenois;109.7
Ferrière-la-Grande;89.5
Ferrières-Fontenay;107.3
Feuquerolles;195.6
Feuquières-Broquiers;119.7
Feuquières-Fressenneville;196.8
Feurs;461.4
Feyzin;521.3
Figeac;237.5
Figeac;237.9
Firminy;123.7
Fismes;28.1
Flamboin-Gouaix;92.9
Flamboin-Gouaix;95.0
Flavy-le-Martel;67.9
Flaxlanden;485.0
Fléré-la-Rivière;298.3
Flers;45.8
Fleurance;180.6
Fleurieux-sur-l'Arbresle;18.7
Fleurville-Pont-de-Vaux;422.2
Flez-Cuzy-Tannay;244.5
Florange;272.1
Florensac;458.3
Foëcy;211.0
Foix;82.2
Folligny;116.3
Folligny;75.3
Fons-St-Mamert;703.7
Fontainebleau-Avon;58.9
Fontaine-le-Port;66.9
Fontaines-d'Ozillac;542.9
Fontaines-Mercurey;372.7
Fontan-Saorge;70.8
Fontenay-le-Comte;0.3
Fontenay-le-Comte;29.7
Fontenay-le-Fleury;24.3
Fontenoy-sur-Moselle;328.1
Fontpédrouse-St-Thomas-les-Bains;19.7
Font-Romeu-Odeillo-Via;34.9
Forbach;47.2
Formerie;56.0
Fors;425.7
Fort-l'Écluse-Collonges;142.5
Fos-Coussoul;4.6
Fos-Graveleau;24.9
Fos-Mériquette;8.4
Fos-Mole-Central;17.9
Fossé-Marolles;60.3
Fos-sur-Mer;831.6
Fos-Viguerat;11.8
Foucart-Alvimare;188.3
Fouday;49.7
Foug;312.6
Fougeray-Langon;421.6
Fougeré;53.2
Fougerolles;102.4
Fouilloy;44.1
Fouquereuil;232.4
Fourchambault;246.6
Fourmies;109.7
Fraisses-Unieux;121.3
Franchet-d'Esperey;169.7
Francheville;118.4
Franconville-Plessis-Bouchard;17.2
Franois;0.0
Franois;398.9
Franxault;350.4
Frasne;437.1
Freinville-Sevran;6.0
Freistroff;33.0
Fréjus;158.0
Frénouville-Cagny;231.2
Frépillon;23.6
Fresnoy-le-Grand;170.1
Fréteval-Morée;159.2
Fretin;10.3
Frévin-Capelle;207.8
Fromental;351.6
Froncles;281.1
Frontenex;15.8
Frontignan;97.7
Fronville;268.7
Frouard;342.4
Frouard;344.3
Frynaudour;530.2
Fumay;182.9
Futuroscope;326.1
Gadagne;15.4
Gagny;14.1
Gaillac;342.9
Gaillon-Aubevoye;93.2
Gallargues;48.1
Galliéni-Cancéropole;6.7
Galuzot;90.9
Gambsheim;17.2
Gan;223.2
Gandrange-Amnéville;342.1
Gannat;378.4
Gannes;87.4
Gap;266.3
Garancières-la-Queue;48.2
Garches-Marnes-la-Coquette;16.7
Garchizy;244.0
Gardanne;419.4
Gardonne;594.4
Gargenville;49.5
Garges-Sarcelles;12.1
Garnay;38.8
Gauriaguet;582.7
Gazeran;52.7
Gazinet-Cestas;13.4
Geispolsheim;8.3
Gemeaux;342.0
Genech;252.8
Génelard;79.6
Générac;13.6
Genlis;332.8
Gennes-Longuefuye;281.8
Gennevilliers;14.3
Génolhac;639.8
Gensac-la-Pallue;24.1
Gérard;7.0
Gergy;92.8
Germaine;156.2
Gertwiller;18.9
Gerzat;412.1
Gestel;628.3
Gevrey-Chambertin;325.4
Gien;0.0
Gien;154.3
Gien;185.7
Gièvres;218.6
Gièvres;231.7
Gignac-Cressensac;520.0
Gilley;460.3
Gilly-sur-Loire;36.9
Gimont-Cahuzac;62.9
Giromagny;442.9
Gironcourt-Houécourt;77.2
Gironde;55.4
Gisors;68.4
Givet;206.1
Givors;537.8
Givors;537.8
Givors-Canal;134.6
Givors-Canal;1.5
Givors-Canal;539.3
Glos-Montfort;155.3
Glos-Montfort;19.2
Golfech;158.0
Golfe-Juan-Vallauris;199.2
Gommiers;47.3
Goncelin;30.7
Gondrecourt-le-Château;35.0
Gonfaron;109.9
Gorges;24.1
Gourdon;559.4
Gourland;507.2
Gournay-Ferrières;93.5
Goussainville;19.5
Goxwiller;21.4
Graffenstaden;7.0
Graffenwald;4.6
Gragnague;380.6
Gramat;201.9
Grand-Bourg;27.6
Grand'Combe-La Pise;660.6
Grande-Synthe;6.6
Grandpuits;64.8
Grandpuits-Bagneux;62.5
Grand-Quevilly;107.4
Grand-Quevilly;6.6
Grandvillars;459.6
Grandvilliers;111.8
Granville;130.7
Grasse;19.1
Gravelines;23.6
Gravenchon-Port-Jérome;221.1
Gravigny-Balizy;98.2
Gray;0.0
Grenade-sur-l'Adour;161.3
Grenoble;0.0
Grenoble;130.5
Grenoble-Université-Gières;142.0
Grenoble-Université-Gières;6.9
Gresswiller;24.7
Grésy-sur-Aix;4.3
Grésy-sur-Isère;9.6
Gretz-Armainvilliers;38.3
Gretz-Armainvilliers;38.3
Grigny-Centre;2.2
Grisolles;229.5
Groisy-Thorens-la-Caille;55.1
Groslay;13.1
Gros-Noyer-St-Prix;16.3
Gudmont;276.3
Guérard-La Celle-sur-Morin;61.2
Guéret;404.6
Guérigny;286.4
Guéthary;214.1
Guichen-Bourg-des-Comptes;394.9
Guignicourt;21.3
Guillaucourt;25.0
Guillerval;66.2
Guimiliau;581.7
Guingamp;504.7
Gujan-Mestras;48.8
Gundershoffen;15.2
Gunsbach-Griesbach;15.5
Habsheim;115.2
Hachette;207.0
Hagetmau;210.4
Hagondange;171.9
Hagondange;345.0
Haguenau;0.0
Haguenau;0.0
Haguenau;24.4
Haguenau;37.3
Halsou-Larressore;213.5
Halte de Fontanil-Lycée de Drap;11.1
Haluchère-Batignolles;433.0
Ham;58.9
Ham-en-Artois;246.0
Hangest;151.7
Harfleur;221.7
Harfleur-Halte;223.3
Hargicourt-Pierrepont;124.4
Hasenrain;489.6
Hatrize;321.7
Haubourdin;10.6
Haubourdin;10.6
Hautmont;223.9
Hayange;269.0
Hayange;8.2
Haybes;186.3
Hazebrouck;46.2
Heilles-Mouchy;70.5
Heilly;144.1
Hellemmes;4.1
Héming;423.3
Hendaye;232.8
Hénin-Beaumont;217.9
Hennebont;611.3
Herbeauvilliers;17.1
Herbitzheim;4.3
Herblay;19.7
Herchies;88.4
Héricourt;491.7
Héricy;72.8
Hermes-Berthecourt;73.3
Herny;6.8
Herrlisheim;21.5
Herrlisheim-près-Colmar;72.4
Hesdigneul;244.6
Hesdin;101.2
Hettange-Grande;195.0
Heyrieux;21.8
Hirson;0.0
Hirson;122.6
Hirson;196.5
Hirson-Écoles;120.7
Hochfelden;474.5
Hoelschloch;36.6
Hoenheim-Tram;5.6
Hoerdt;7.2
Hoffen;44.8
Hombourg-Budange;20.2
Hombourg-Haut;34.5
Homécourt;329.5
Houdan;62.0
Houdemont;4.2
Houilles-Carrières-sur-Seine;12.8
Houilles-Carrières-sur-Seine;12.8
Houlgate;30.6
Hundling;91.1
Huningue;2.4
Hunspach;49.0
Huriel;337.6
Hyères;9.9
Hymont-Mattaincourt;88.3
Hymont-Mattaincourt;97.9
Igney;40.1
Igney-Avricourt;409.6
Igny;109.2
Île-Napoléon;4.5
Île-Napoléon-Garage;8.1
Ille-sur-Têt;489.4
Illfurth;481.2
Illiers-Combray;112.1
Imphy;15.1
Ingersheim-Cité-Scolaire;4.4
Ingrandes-sur-Loire;376.9
Ingrandes-sur-Vienne;297.0
Ingwiller;20.5
Invalides;0.2
Irigny-Yvours;551.3
Isbergues;248.9
Isbergues;54.3
Isles-Armentières;56.6
Issé;479.5
Issoire;454.4
Issoudun;237.0
Issou-Porcheville;51.3
Is-sur-Tille;305.6
Is-sur-Tille;305.7
Is-sur-Tille;346.8
Is-sur-Tille;346.8
Issy;6.9
Issy-Val-de-Seine;5.7
Istres;820.8
Iteuil;348.2
Itxassou;222.4
Ivry-sur-Seine;3.6
Iwuy;213.8
Jacques-Monod-La Demi-Lieue;225.7
Jalons-les-Vignes;158.6
Janville;24.8
Janzé;36.4
Jardres;360.8
Jarnac;31.2
Jarrie-Vizille;144.0
Jarville-la-Malgrange;0.2
Jarville-la-Malgrange;355.5
Jassonneix;480.2
Jatxou;211.5
Jaunay-Clan;324.7
Jaux;78.2
Javel;3.6
Jeandelize;310.7
Jessains;210.0
Jeumont;237.8
Joeuf;331.1
Joigny;145.5
Joigny-sur-Meuse;153.6
Joinville;263.6
Joncet;6.2
Joncherey;461.9
Jonchery-sur-Vesle;38.7
Jonzac;535.0
Joué-lès-Tours;241.2
Joué-lès-Tours;245.1
Jouy;77.3
Jouy-en-Josas;115.2
Juan-les-Pins;202.3
Jussey;0.0
Jussey;346.4
Juvisy;19.0
Juvisy;21.1
Juziers;46.6
Kalhausen;0.0
Kalhausen;61.6
Kédange;16.7
Kerhostin;606.1
Kerhuon;615.0
Ker-Lann;382.0
Keskastel;23.4
Kilstett;14.7
Koenigsmacker;8.9
Kogenheim;32.0
Krimmeri-Meinau;3.3
Kruth;32.0
Kuntzig;5.9
Kurtzenhouse;12.3
La Bachellerie;116.4
La Barasse;9.8
La Barque-Fuveau;70.8
La Barre-Ormesson;10.4
Labarthe-Avezac;124.9
Labarthe-Inard;79.8
La Bassée;27.5
La Basse-Indre-St-Herblain;440.3
La Bastide-St-Laurent-les-Bains;606.6
La Bastide-St-Laurent-les-Bains;692.5
La Bâthie;32.9
La Baule-Escoublac;510.3
La Baule-les-Pins;508.3
L'Abbaye;5.4
Labège-Innopole;265.2
Labège-Innopole;265.3
Labège-Village;267.8
Labège-Village;267.8
Labenne;184.7
Labergement-Ste-Marie;450.8
La Bernerie-en-Retz;22.0
La Bleuse-Borne;44.9
La Bohalle;330.5
La Boissière;673.4
Laboissière-le-Déluge;59.6
La Bonneville-sur-Iton;117.0
La Borne-Blanche;33.2
Labouheyre;88.9
La Bouteille;186.4
La Brigue;54.5
La Brillanne-Oraison;325.4
La Brohinière;410.6
Labruguière;374.0
Lacapelle-Viescamp;286.5
La Cave;68.3
La Celle-Corrèze;449.0
La Celle-St-Cloud;20.7
La Chaize-le-Vicomte;49.1
La Chapelle-Aulnay;440.9
La Chapelle-Centre;439.3
La Chapelle-Centre;439.6
La Chapelle-d'Ambès;588.6
La Chapelle-la-Reine;9.7
La Chapelle-St-Mesmin;128.3
La Chapelle-St-Ursin-Morthomiers;231.7
La Chapelle-sur-Loire;276.9
La Charité-sur-Loire;227.0
La Chartre-sur-le-Loir;201.4
Lachaud-Curmilhac;19.2
La Chaumusse-Fort-du-Plasne;32.5
La Chaussée-St-Victor;175.7
La Chaux-des-Crotenay;26.0
La Ciotat;36.5
La Clayette-Baudemont;28.1
La Coquille;448.6
La Courneuve-Aubervilliers;6.3
La Courneuve-Dugny;53.7
La Couronne;457.0
La Couronne-Carro;846.1
Lacourtensourt;249.7
Lacq;241.2
La Crau;3.1
La Crèche;59.6
La Croix-de-Méan;491.7
La Croix-du-Prince;217.0
La Défense;8.3
La Douzillère;244.1
La Faloise;104.2
Lafarge;429.4
La Fère;85.0
La Ferté-Alais;52.5
La Ferté-Bernard;169.0
La Ferté-Hauterive;332.5
La Ferté-Imbault;187.8
La Ferté-Milon;79.8
La Ferté-sous-Jouarre;65.2
La Ferté-St-Aubin;144.1
La Folie-Nanterre;10.4
La Fontaine;17.1
La Forest;608.4
La Fouillouse;492.7
La Frayère;4.4
La Fresnais;440.6
La Frette-Montigny;18.0
La Garde;74.3
La Garenne-Colombes;8.1
Lagnieu;6.2
Lagny-Thorigny;27.4
La Gorp;570.5
La Gouesnière-Cancale;445.8
La Grande-Paroisse;89.6
La Grave-d'Ambarès-Gare-Inférieure;598.2
Laguépie;299.8
La Guerche-sur-l'Aubois;281.4
La Guierche;15.1
La Haie-Fouassière;14.2
La Haye-Descartes;290.4
La Hisse;159.6
La Hume;52.5
La Hutte-Coulombiers;0.0
La Hutte-Coulombiers;40.6
Laifour;167.8
L'Aigle;141.0
Laignes;19.0
Laigné-St-Gervais;319.3
Laigneville;54.1
L'Aiguille;409.4
Laillé;390.7
Laissac;601.1
Laissey;425.3
La Jarrie;129.1
La Jonchère;375.6
La Joux;25.0
Lalande-Église;252.0
Lalbenque-Fontanes;617.8
La Levade;657.6
Lalinde;628.0
La Loupe;123.6
Laluque;133.8
La Madeleine;5.6
La Madeleine;5.6
Lamagistère;155.4
Lamanon;49.0
La Marche;231.7
Lamarche;47.9
Lamballe;206.2
Lamballe;454.3
La Méaugon;481.2
La Membrolle-sur-Choisille;246.8
La Ménitré;320.1
La Meyze;429.9
Lamonzie-St-Martin;598.4
La Mothe-Achard;16.9
Lamothe-Landerron;66.8
Lamothe-Montravel;569.6
La Mothe-St-Héray;42.4
Lamotte-Beuvron;159.9
Lamotte-Breuil;76.3
La Motte-Ste-Rosseline;4.6
Lamure-sur-Azergues;65.1
Lancerf;535.7
Lancey;16.5
Landas;25.2
Landaul-Mendon;594.1
Landébia;191.5
Landerneau;603.6
Landévant;598.2
Landivisiau;589.1
Landrecies;201.4
Landry;73.9
Laneuveville-devant-Nancy;358.0
Langeac;520.5
Langeais;260.2
Langogne;53.4
Langogne;587.1
Langon;41.6
Langres;0.0
Langres;296.7
Lannemezan;120.5
Lannemezan;120.5
Lannion;547.1
La Norville-St-Germain-lès-Arpajon;34.7
Lantenay;299.5
Laon;107.1
La Pauline-Hyères;77.1
La Penne-sur-Huveaune;12.4
Lapeyrouse;358.8
Lapeyrouse;358.8
La Plaine-Stade-de-France;4.5
La Pointe-Bouchemaine;350.3
La Pomme;6.2
La Porcherie;443.5
La Possonnière;0.0
La Possonnière;358.4
La Poterie;56.3
Lapradelle;420.4
Laqueuille;442.7
Laragne;271.6
L'Arbresle;22.7
L'Arbresle;479.1
Larche;138.1
Lardenne;12.3
L'Ardoise;724.2
Lardy;42.8
La Redonne-Ensuès;858.7
La Réole;60.5
L'Argentière-les-Écrins;335.4
L'Ariane;5.6
La Ricamarie;129.6
La Rivière;441.7
La Rivière-de-Mansac;134.0
La Roche-en-Brenil;256.8
La Rochefoucauld;492.0
La Rochelle-Pallice;6.9
La Rochelle-Porte-Dauphine;2.5
La Rochelle-Ville;0.0
La Rochelle-Ville;179.0
La Roche-Maurice;599.0
Laroche-Migennes;154.9
Laroche-Migennes;154.9
La Roche-sur-Foron;77.7
La Roche-sur-Yon;76.0
Laroque;637.5
Laroquebrou;688.3
La Seyne-Six-Fours;61.8
La Souterraine;342.1
Lasserre;142.5
La Suze;229.4
La Taye;96.9
La Teste;54.7
Lathus;401.4
Latour-de-Carol-Enveitg;163.0
Latour-de-Carol-Enveitg;62.6
La Tour-de-Salvagny;11.2
La Tour-du-Pin;56.7
La Tricherie;317.4
La Trinité-Victor;6.9
Lauterbourg;55.5
Laval;300.1
La Valbonne;30.5
Laval-de-Cère;663.2
La Vancelle;9.2
Lavannes-Caurel;66.0
La Varenne-Chennevières;74.2
Lavaufranche;348.9
Lavaufranche;355.6
Lavaur;264.5
Lavaveix-les-Mines;396.4
Laveline-devant-Bruyères;0.0
Laveline-devant-Bruyères;23.3
La Verpillière;30.4
La Verrière;32.2
La Veuve;179.9
Lavilledieu;195.3
La Ville-Gozet;326.1
La Ville-Gozet;364.9
Lavilletertre;52.4
La Villette-St-Prest;81.5
La Voulte-sur-Rhône;634.0
Lavoûte-sur-Loire;64.4
La Wantzenau;12.0
Layrac;146.0
Le Bec-d'Ambès;592.3
Le Blanc-Mesnil;13.2
Le Bosquet;3.1
Le Boucau;193.8
Le Bouchet;9.7
Le Boulou-Perthus;496.3
Le Bourget;9.4
Le Bousquet-d'Orb;483.6
Le Bras-de-fer;8.7
Le Breuil-sur-Couze;463.1
Le Bruel;627.0
Le Buet;32.3
Le Bugue;548.6
Le Buisson;557.4
Le Buisson;644.2
Le Burg;491.0
Le Cailar;24.5
Le Cateau;189.7
Lecelles;36.8
Le Cellier;412.1
Le Cendre-Orcet;429.4
Le Chambon-Feugerolles;126.6
Léchelle (Seine-et-Marne);102.6
Le Cheylas-La Buissière;36.7
Le Coteau;423.1
Le Creusot;125.6
Le Creusot-Montceau-Montchanin;0.0
Le Creusot-Montceau-Montchanin;273.8
Le Croisic;519.8
Le Dorat;419.2
Le Douhet-Écoyeux;478.5
Le Dramont;167.9
Leffrinckoucke;310.4
Leforest;224.2
Le Genest;310.0
Le Grand-Jardin;191.5
Le Grand-Lemps;84.6
Le Grau-du-Roi;45.2
Le Haut-Banc;273.2
Le Havre;227.9
Le Havre-Graville;225.2
Le Havre-Graville;225.2
Le Légué;480.7
Le Lioran;339.3
Le Luc-et-Le Cannet;120.2
Le Mans;211.0
Le Mans;211.0
Le Mée;41.3
Le Méridien;6.9
Le Merlerault;167.6
Le Meux-la-Croix-St-Ouen;74.6
Le Molay-Littry;282.6
Le Monastier;615.2
Le Monastier;615.2
Lempdes (Haute-Loire);403.8
Le Muy;143.4
Lens;0.0
Lens;211.3
Lentilly;16.0
Lentilly-Charpenay;14.6
Le Pallet;18.3
Lépanges;13.8
Le Péage-de-Roussillon;563.4
Le Pénity;545.1
Le Perray;41.8
Lépin-le-Lac-La Bauche;88.1
Le Plessis-Belleville;42.1
Le Plessis-Chenet;37.9
Le Poirier-Université;51.3
Le Pouliguen;513.7
Le Pouzin;640.8
Le Puy-en-Velay;52.5
Le Quesnoy;65.9
Le Raincy-Villemomble-Montfermeil;12.8
Le Rouget;278.0
Lérouville;288.7
Le Sablon;541.7
Les Abrets-Fitilieu;68.0
Les Ancizes-St-Georges;399.2
Les Arcs-Draguignan;135.5
Les Ardoines;7.4
Les Aubrais-Orléans;118.9
Les Aubrais-Orléans;118.9
Les Aubrais-Orléans;118.9
Les Bardys;389.3
Les Bons-Pères;231.7
Les Bossons;15.7
Les Boullereaux-Champigny;18.5
Les Cabannes;108.5
Les Cabrils;495.3
Lescar;222.4
L'Escarène;23.4
Les Cauquillous;258.1
Les Clairières-de-Verneuil;37.0
Les Coquetiers;1.5
Les Deux Jumeaux;230.2
Les Échets;20.7
Les Églisottes;521.7
Les Essarts-le-Roi;37.7
Les Eyzies;540.6
Les Flachères;111.8
Les Fontinettes;104.8
Les Fontinettes;292.7
Les Grésillons;12.7
Les Houches;11.7
Les Lacs;345.8
Les Laumes-Alésia;256.8
Les Longevilles-Rochejean;454.2
Les Mais;532.8
Les Martres-de-Veyre;434.1
Les Moussoux;17.5
Les Moutiers-en-Retz;18.5
Les Mureaux;40.3
Les Noues;21.0
Le Soler;474.6
Les Ormes-sur-Vienne;285.5
Lesparre;66.3
Les Pélerins;16.6
Les Perrières;2.2
Les Praz-de-Chamonix;21.5
Les Quatre-Roues;211.3
Les Quatre-Routes;168.9
Lesquin;6.4
Les Ramassiers;14.9
Les Rosiers-sur-Loire;314.4
Les Sables-Blancs;601.8
Les Sables-d'Olonne;0.1
Les Salelles;619.6
Les Saules;11.7
Lesseux-Frapelle;74.8
Le Stade;8.1
Le Stade;8.1
L'Estaque;851.7
L'Estaque;851.7
L'Estaque;870.1
L'Estaque;870.1
Lestelle;74.6
Les Tines;23.0
Lestrem;37.0
Les Trillers;318.7
Les Vallées;7.0
Les Versannes;518.4
Les Yvris-Noisy-le-Grand;23.8
L'Étang-la-Ville;27.5
Le Teich;44.9
Le Teil;665.6
Le Teil;665.6
Le Theil-de-Bretagne;29.9
Le Theil-La Rouge;159.0
Le Thor;18.9
Le Toec;10.9
Le Trayas;179.6
Leucate-la-Franqui;435.4
Leval;83.7
Le Valdahon;438.0
Le Valdahon Camp Militaire;435.8
Le Val-d'Or;12.8
Le Verdon;99.8
Le Vert-de-Maisons;7.8
Le Vieux-Briollay;292.7
Lexos;308.4
Leyment;46.5
Lezennes;2.9
Lezennes;2.9
Lézignan (Aude);383.5
Lézignan-la-Cèbe;472.5
Lezoux;24.1
L'Hermitage-Mordelles;385.1
L'Hôpital-du-Grosbois;427.6
L'Hospitalet-près-l'Andorre;144.0
Liancourt-Rantigny;57.7
Liancourt-St-Pierre;54.8
Liart;27.5
Libercourt;231.5
Libourne;547.1
Liesle;22.5
Lieusaint-Moissy;30.5
Liévin;215.6
Ligny;4.4
Ligugé;343.8
Lille-Champ-de-Mars;248.1
Lille CHR;7.3
Lille-Délivrance;15.0
Lille-Europe;11.7
Lille-Flandres;0.0
Lille-Porte-de-Douai;4.3
Lillers;242.6
Lille-St-Sauveur;1.0
Lille-Sud;5.9
Limay;54.2
Limeray;206.2
Limersheim;15.3
Limeyrat;101.2
Limoges-Bénédictins;401.1
Limoges-Montjovis;402.3
Limoges-Montjovis;406.5
Limoges-Puy-Imbert;398.2
Limoux;373.3
Limoux-Flassian;371.9
Lingolsheim;5.2
Lisieux;190.1
Lisieux;190.1
L'Isle-Adam-Parmain;39.4
L'Isle-d'Abeau;36.3
L'Isle-Fontaine-de-Vaucluse;23.2
L'Isle-Jourdain;41.1
L'Isle-sur-le-Doubs;463.3
Lisle-sur-Tarn;351.9
Lison;295.2
L'Isthme;605.0
Liverdun;337.4
Livron;634.3
Livry-Gargan;3.7
Livry-sur-Seine;59.7
Lizy-sur-Ourcq;59.9
Loches;282.7
Logelbach;2.7
Loire;535.7
Loison-sous-Lens;213.4
Loisy-sur-Marne;198.8
Loivre;11.2
Lomme;17.2
Lomme (MIN);16.7
Longages-Noé;34.2
Longecourt;331.6
Longjumeau;101.2
Longpont;89.6
Longpré-les-Corps-Saints;158.0
Longpré-les-Corps-Saints;44.1
Longroy-Gamaches;166.4
Longué;37.0
Longueau;126.0
Longueau;126.0
Longueil-Annel;90.1
Longueil-Ste-Marie;71.3
Longuerue-Vieux-Manoir;96.0
Longueville;88.2
Longueville;88.2
Longueville-sur-Scie;183.9
Longuyon;228.0
Longwy;243.9
Longwy;243.9
Lons-le-Saunier;441.7
Loos-en-Gohelle;214.0
Loos-lez-Lille;8.5
Lorcy;107.5
Loreux;197.3
Lorient;619.4
Loriol;637.3
Lorraine-TGV;281.3
Lothiers;281.2
Loudéac;523.6
Loudun;177.8
Louhans;401.7
Louhossoa;227.6
Loulay;450.6
Lourches;223.5
Lourdes;176.9
Loures-Barbazan;111.3
Louroux-de-Bouble;367.0
Louveciennes;23.4
Louverné;294.6
Louvres;23.6
Louvroil;227.3
Lozanne;485.2
Lozanne;95.5
Luant;276.3
Lubersac;462.3
Luc;599.2
Luçay-le-Mâle;245.6
Lucé;89.8
Luc-en-Diois;73.6
Luché;139.5
Luchon;139.3
Luçon;113.0
Luc-Primaube;484.9
Ludon;14.4
Ludres;7.2
Lumbres;81.3
Lumes;143.8
Lunas;486.9
Lunel;53.5
Lunel-Viel;56.6
Lunery;246.1
Lunéville;385.2
Lurbe-St-Christau;259.6
Lure;126.7
Lure;411.0
Lure;485.3
Lusignan;21.7
Lus-la-Croix-Haute;211.8
Lussac-les-Châteaux;377.1
Luttenbach-près-Munster;19.8
Lutterbach (Haut-Rhin);0.0
Lutterbach (Haut-Rhin);102.5
Lutterbach-Tram-Train;0.4
Lutzelbourg;448.0
Lutzelhouse;35.1
Lux;313.6
Luxé;420.3
Luxeuil-les-Bains;108.4
Luzarches;35.5
Luzenac-Garanou;115.0
Luzy;82.4
Lycée-Henri-Sellier;4.5
Lyon-Gorge-de-Loup;1.8
Lyon-Guillotière;512.5
Lyon-Jean-Macé;512.3
Lyon-Part-Dieu;507.5
Lyon-Perrache;510.9
Lyon-Perrache;558.8
Lyon-St-Exupéry-TGV;409.7
Lyon-St-Paul;0.0
Lyon-Vaise;506.4
Macau;17.8
Machecoul;40.0
Machilly;182.5
Mâcon-Loché-TGV;334.0
Mâcon-Port-Fluvial;1.1
Mâcon-Ville;439.7
Magalas;450.1
Magenta;0.4
Magland;31.4
Magnac-Vicq;433.4
Magnette;312.9
Magneux-Courlandon;31.9
Magny-Blandainville;107.8
Maillé;276.1
Mailly-la-Ville;200.4
Mailly-le-Camp;33.4
Maintenon;68.1
Maison-Dieu (Yonne);237.4
Maison-Rouge-en-Brie;79.7
Maisons-Alfort-Alfortville;6.2
Maisons-Laffitte;16.8
Maisse;64.3
Maizières-lès-Metz;167.7
Mâlain;295.3
Malansac;528.6
Malaunay-Le Houlme;148.9
Malaunay-Le Houlme;148.9
Malause;168.4
Malesherbes;76.6
Malling;12.5
Mamirolle;421.0
Mandelieu-la-Napoule;185.5
Manduel-Redessan;16.8
Manois;20.8
Manosque-Gréoux-les-Bains;339.9
Mantes-la-Jolie;57.3
Mantes-la-Jolie;57.3
Mantes-la-Jolie;57.6
Mantes-Station;56.1
Mantes-Station;56.6
Manthes-Lapeyrouse;14.2
Marbache;348.8
Marcelcave;21.1
Marcheprime;28.6
Marchezais-Broué;69.4
Marck;36.5
Mareil-Marly;16.2
Mareil-sur-Mauldre;42.4
Maresquel;109.7
Mareuil-sur-Ourcq;73.7
Margaux;24.4
Margival;114.3
Margut-Fromy;188.7
Marienthal;19.5
Marignac-St-Béat;124.1
Marignier;17.7
Marigny;430.1
Marles-en-Brie;49.0
Marle-sur-Serre;164.0
Marlieux-Châtillon;45.8
Marly-le-Roi;25.9
Marly-les-Valenciennes;50.2
Marmagne;223.9
Marmagne-sous-Creusot;119.4
Marmagne-sous-Creusot;119.4
Marmande;78.8
Marne-la-Vallée-Chessy;31.3
Maroeuil;202.0
Marolles-en-Hurepoix;36.1
Maromme;145.0
Marquette;8.1
Marquillies;22.5
Marquise-Rinxent;270.0
Marquixanes;501.8
Marsac;436.3
Marseillan-Plage;458.3
Marseille-Blancarde;0.2
Marseille-Blancarde;3.3
Marseille-en-Beauvaisis;100.1
Marseille-Maritime-Arenc;1.2
Marseille-Maritime-Canet;1.2
Marseille-Prado;3.2
Marseille-St-Charles;0.1
Marseille-St-Charles;862.0
Marssac-sur-Tarn;346.4
Martigné-Ferchaud;14.9
Martigny-les-Bains;53.6
Martigues;839.3
Martigues;839.4
Martigues;839.6
Martigues;839.9
Martres-Tolosane;61.6
Marvejols;620.3
Massérac;430.4
Masseret;448.1
Massiac;384.9
Massy Europe;104.2
Massy-Palaiseau;106.2
Massy-Palaiseau;25.4
Massy-TGV;14.4
Massy-Verrières;24.5
Matzenheim;22.8
Maubeuge;228.4
Maubourguet;219.5
Mauco-Benquet;204.4
Maulde-Mortagne;41.6
Maule;44.4
Maurecourt;27.8
Maurois;183.6
Maurs;257.6
Mauves-sur-Loire;415.9
Mauzac;632.3
Mauzé;95.3
Mauzens-Miremont;533.9
Mayet;304.9
Mazamet;385.2
Mazières-Verruyes;385.4
Mazingarbe;221.5
Meaux;44.1
Mehun-sur-Yèvre;216.3
Melun;44.1
Melun;56.9
Menars;170.5
Mende;644.7
Ménil-Flin;400.6
Mennecy;40.1
Mennessis;135.4
Mennessis;74.5
Mennetou-sur-Cher;215.0
Menton;248.6
Menton-Garavan;250.9
Mer;160.3
Mérens-les-Vals;133.1
Mérenvielle;35.7
Méricourt-Ribemont;146.8
Mériel;27.5
Mérignac-Arlac;7.6
Meroux;449.9
Merrey;30.4
Mertzwiller;10.8
Méru;52.9
Mervans;382.2
Merxheim;84.1
Méry (Val-d'Oise);25.0
Messac-Guipry;410.3
Messein;10.0
Messempré;6.1
Mesves-Bulcy;219.9
Mesvres;109.4
Metz-Chambière;156.8
Metz-devant-les-Ponts;159.6
Metzeral;24.2
Metzervisse;11.8
Metz-Marchandises;2.3
Metz-Nord;158.5
Metz-Ville;154.3
Metz-Ville;353.7
Meudon;7.5
Meudon-Val-Fleury;8.9
Meulan-Hardricourt;42.2
Meung-sur-Loire;140.7
Meurchin;220.6
Meursault;358.4
Meuse-TGV;213.6
Meximieux-Pérouges;38.4
Meymac;483.3
Meyrargues;382.0
Mézériat;21.5
Mézidon;142.5
Mézidon;215.5
Mézin;148.7
Mézy;0.0
Mézy;103.2
Mignaloux-Nouaillé;347.9
Mignaloux-Nouaillé;347.9
Mignères-Gondréville;114.1
Milhac-d'Auberoche;95.5
Milhaud;34.4
Millas;483.2
Millau;549.4
Milly-sur-Thérain;91.2
Miniac;150.6
Mionnay;23.4
Miramas;68.5
Miramas;809.3
Miramas;809.3
Miraumont;168.5
Mirebeau-sur-Bèze;328.3
Mirecourt;57.1
Mirecourt;94.2
Miribel;16.6
Miserey-Salines;412.9
Mitry-Claye;26.7
Modane;236.0
Mohon;140.6
Moirans;112.1
Moirans;79.7
Moirans-la-Galifette;78.2
Moissac;177.6
Molinges;84.5
Molsheim;18.9
Mommenheim;0.0
Mommenheim;479.7
Mondoubleau;162.8
Monestier-de-Clermont;173.0
Monéteau-Gurgy;168.3
Monistrol-d'Allier;544.5
Monnaie;219.8
Monnerville;69.8
Monsempron-Libos;608.2
Monsempron-Libos;608.8
Montabard;109.5
Montaignac-St-Hippolyte;623.1
Montaigut;420.8
Montaigu-Vendée;38.8
Montargis;117.7
Montargis;189.6
Montastruc-la-Conseillère;376.5
Montataire;53.1
Montauban-de-Bretagne;405.5
Montauban-Ville-Bourbon;205.9
Montaudran;261.3
Montaut-Bétharram;191.8
Montbard;242.9
Montbarrey;374.9
Montbartier;218.0
Montbazon;252.3
Montbéliard;483.9
Montbizot;19.4
Montbré;163.8
Montbrison;111.6
Montceau-les-Mines;94.9
Montchanin;133.3
Montcornet;173.6
Montdauphin-Guillestre;321.2
Mont-de-Marsan;147.0
Mont-de-Marsan;211.5
Mont-de-Terre;2.9
Montdidier;100.2
Montdidier;115.4
Mont-Dore;456.6
Monte-Carlo-Country-Club;243.5
Montélimar;661.3
Montendre;555.9
Montereau;122.7
Montereau;78.6
Montereau;93.3
Montérolier-Buchy;89.2
Montescourt;140.9
Monteux;11.3
Montfavet;5.7
Montferrand-Thoraise;5.7
Montfort-l'Amaury-Mère;44.3
Montfort-le-Gesnois;193.9
Montfort-sur-Meu;395.5
Montgeron-Crosne;17.4
Montgeroult-Courcelles;36.5
Monthermé;159.9
Monthois;37.7
Montierchaume;255.6
Montières;4.5
Montigny-Beauchamp;20.3
Montigny-en-Ostrevent;222.9
Montigny-sur-Loing;75.0
Montivilliers;227.7
Montlaur;275.2
Montlouis;225.5
Mont-Louis-La Cabanasse;27.9
Montluçon-Eau;324.7
Montluçon-Rimard;329.0
Montluçon-Ville;327.6
Montluel;25.2
Montmédy;207.2
Montmélian;150.9
Montmélian;49.8
Montmoreau;483.5
Montmorillon;389.9
Mont-Notre-Dame;121.2
Montoir-de-Bretagne;488.4
Montoire-sur-le-Loir;13.8
Montpaon;508.1
Montpellier-St-Roch;77.0
Montpellier Sud-de-France;81.7
Montpon-Ménestérol;23.9
Montrabé;388.7
Montréjeau-Gourdan-Polignan;103.9
Montreuil;21.6
Montreuil-Belfroi;343.0
Montreuil-Bellay;307.2
Montreuil-sur-Ille;401.9
Montreuil-sur-Mer;123.2
Montreuil-sur-Thérain;77.6
Montreux-Vieux;456.8
Montrichard;272.5
Montroc-le-Planet;29.5
Montrond-les-Bains;472.6
Montrond-les-Bains;63.2
Montrouge-Châtillon;4.6
Montry-Condé;2.7
Monts;249.2
Montsoult-Maffliers;24.4
Mont-St-Martin;246.6
Mont-sur-Meurthe;0.0
Mont-sur-Meurthe;380.4
Montsûrs;281.4
Montville;154.4
Moosch;22.0
Morannes;273.2
Morbier;44.0
Morcenx;108.5
Morcenx;108.5
Moret-Veneux-les-Sablons;66.8
Moret-Veneux-les-Sablons;66.8
Moreuil;133.0
Morez;49.2
Morgny;100.3
Morhange;109.1
Morières-lès-Avignon;9.0
Morlaix;562.8
Mormant;58.3
Morre;412.9
Mortcerf;55.9
Morteau;472.0
Morvillars;456.1
Mothern;51.6
Motteville;169.7
Mouans-Sartoux;11.9
Mouchard;392.3
Mouchard;392.3
Moulin-Galant;35.9
Moulin-Neuf (Oise);39.4
Moulins-sur-Allier;0.0
Moulins-sur-Allier;313.1
Moulins-sur-Allier;408.5
Moulins-sur-Yèvre;242.8
Moulis-Listrac;31.5
Moult-Argences;224.9
Mourmelon-le-Petit;196.1
Mouroux;68.6
Moustéru;515.8
Moûtiers-Salins-Brides-les-Bains;51.7
Mouy-Bury;66.0
Mouzon;131.2
Moyeuvre-Grande;334.9
Muhlbach-sur-Munster;22.4
Muizon;44.3
Mulhouse-Dornach;105.1
Mulhouse-Dornach (Tram/Train);3.2
Mulhouse-Musées (Tram/Train);2.3
Mulhouse-Nord;3.8
Mulhouse-Ville;108.3
Mulhouse-Ville;490.9
Mullerhof;33.5
Munchhausen;49.6
Mundolsheim;494.7
Munster;18.5
Munster-Badischhof;17.1
Murat;350.3
Muret;20.8
Musée-d'Orsay;0.0
Mussidan;39.7
Mutzig;21.9
Myennes;191.0
Naintré-les-Barres;311.7
Najac;289.5
Namps-Quevauvillers;19.2
Nançois-Tronville;0.0
Nançois-Tronville;265.0
Nancy-Ville;352.4
Nangis;69.3
Nanterre-Université;10.3
Nantes;0.0
Nantes;428.3
Nantes;430.4
Nanteuil-le-Haudouin;48.4
Nanteuil-Saâcy;73.8
Nantiat;449.6
Narbonne;406.1
Naucelle;459.0
Neau;275.5
Négrondes;473.2
Nemours-St-Pierre;86.3
Nérac;134.6
Nérac;134.6
Nérondes;268.9
Nerpuy;308.2
Nesle;46.9
Neufchâteau;48.8
Neufchâteau;70.9
Neufchâtel-Hardelot;239.4
Neuillé-Pont-Pierre;263.4
Neuilly-lès-Dijon;323.2
Neuilly-Porte-Maillot;6.4
Neuilly-St-Front;91.6
Neuilly-sur-Marne;10.5
Neussargues;359.7
Neuves-Maisons;12.2
Neuves-Maisons;23.3
Neuvic;50.6
Neuville-aux-Bois;140.1
Neuville-sur-Saône;16.0
Neuville-sur-Sarthe;9.9
Neuville-Université;29.6
Neuvy-Pailloux;249.2
Neuvy-sur-Loire;182.3
Nevers;253.0
Nevers-Le Banlay;3.5
Nexon;421.2
Nexon;421.2
Nézel-Aulnay;48.0
Nice-Pont-Michel;3.2
Nice-Riquier;226.8
Nice-St-Augustin;218.7
Nice-St-Roch;2.3
Nice-Ville;224.1
Niederbronn-les-Bains;21.4
Nieppe;24.0
Nieul;459.6
Nîmes;27.1
Nîmes-Pont du Gard;14.3
Nîmes-Pont du Gard;27.2
Niolon;863.9
Niort;73.5
Niversac;86.4
Noeux-les-Mines;224.8
Nogent-l'Artaud-Charly;83.8
Nogent-Le Perreux;16.2
Nogent-le-Rotrou;148.1
Nogent-sur-Seine;110.3
Nogent-sur-Vernisson;135.1
Nointel-Mours;33.9
Noirétable;68.0
Noisy-le-Roi;10.1
Noisy-le-Sec;8.9
Noisy-le-Sec;8.9
Noizay;218.8
Nomain;18.0
Nomain-Ouvignies;250.0
Nonancourt;96.4
Nonant-le-Pin;172.4
Nortkerque;90.7
Nort-sur-Erdre;456.5
Notre-Dame-de-Briançon;43.6
Notre-Dame-d'Oé;228.0
Nouan-le-Fuzelier;166.6
Nouvion-sur-Meuse;148.2
Nouzonville;149.8
Novéant;339.6
Novillars;416.5
Noyal-Acigné;362.2
Noyelles-sur-Mer;189.0
Noyen;239.3
Noyon;107.0
Nozières-Brignon;695.6
Nuisement;6.7
Nuits-sous-Ravières;0.0
Nuits-sous-Ravières;224.8
Nuits-St-Georges;336.6
Nurieux;33.5
Nyers;11.6
Oberhoffen-Camp-de-Haguenau;7.0
Obermodern;13.9
Obermodern;18.6
Obernai;24.7
Objat;484.6
Oderen;30.7
Oermingen;57.6
Ogeu-les-Bains;240.0
Oiry;147.6
Oissel;125.7
Oissel;58.7
Olette-Canaveilles-les-Bains;9.7
Ollioules-Sanary-sur-Mer;57.5
Olonne-sur-Mer;6.1
Oloron-Ste-Marie;250.6
Ondres;187.8
Onnaing;255.5
Onville;332.8
Onville;66.0
Onzain-Chaumont-sur-Loire;194.9
Orange;0.0
Orange;713.3
Orangis-Bois-de-l'Épine;4.9
Orchamps;375.7
Orchies;22.1
Orgères;40.8
Orgérus-Béhoust;53.1
Orgon;38.6
Origny-en-Thiérache;191.1
Origny-Ste-Benoite;22.2
Orléans;121.0
Orly-Ville;13.4
Ormoy-Villers;55.6
Ormoy-Villers;55.6
Ormoy-Villers;55.6
Orry-la-Ville-Coye;35.0
Ors;196.5
Orthez;255.5
Osny;31.9
Osséja;52.8
Ossès-St-Martin-d'Arrossa;238.4
Ossès-St-Martin-d'Arrossa;238.4
Ossun;166.4
Ostricourt;227.0
Oudon;406.5
Ouges;323.3
Oulchy-Breny;98.0
Oullins;555.0
Ourscamps;100.8
Oyonnax;103.9
Ozoir-la-Ferrière;34.2
Pagny-sur-Meuse;307.9
Pagny-sur-Meuse;94.9
Pagny-sur-Moselle;371.9
Pagny-sur-Moselle;73.3
Paimpol;541.5
Pamiers;64.2
Pamproux;35.4
Pantin;4.5
Paray-le-Monial;0.0
Paray-le-Monial;59.1
Paray-le-Monial;67.0
Parc-des-Expositions;21.0
Parempuyre;10.9
Parent-Coudes-Champeix;444.1
Paris-Austerlitz;0.0
Paris-Austerlitz-Souterrain;0.0
Paris-Austerlitz-Souterrain;0.0
Paris-Batignolles;2.1
Paris-Bercy;0.8
Paris-Bercy-Rapée;19.1
Paris-Gare-de-Lyon;0.0
Paris-Gare-de-Lyon;5.2
Paris-Gare-de-Lyon-Souterrain;0.0
Paris-Gare-de-Lyon-Souterrain;5.3
Paris-La Villette-Hébert;2.0
Paris-Montparnasse;0.4
Paris-Nord;0.0
Paris-Nord-Souterraine;0.0
Paris-Nord-Souterraine;0.0
Paris-Nord-Surface;0.0
Paris-St-Lazare;0.0
Paris-St-Lazare;0.0
Paris-St-Lazare;0.0
Paris-St-Lazare;0.0
Paris-St-Lazare;0.0
Paris-Tolbiac;1.3
Paris-Vaugirard;0.8
Parsac-Gouzon;372.1
Parthenay;370.2
Parthenay;38.8
Pas-des-Lanciers;843.9
Patay;51.8
Pau;215.7
Pauillac;46.4
Paul-Émile-Victor;14.8
Paulhaguet;507.0
Pavillons-sous-Bois;3.0
Pavilly;158.4
Peille;16.7
Peillon-Ste-Thècle;13.5
Peltre;147.9
Penhoët;493.0
Penne;625.5
Penne;625.5
Penthièvre;603.7
Péreire-Levallois;7.7
Péreire-Levallois;7.7
Pérenchies;12.9
Périgueux;75.4
Périgueux-St-Georges;78.1
Pernes-Camblain;58.2
Pérols;463.7
Péronne-la-Chapelette;148.7
Perpignan;467.5
Perrignier;193.0
Pers;281.5
Persan-Beaumont;46.0
Pertuis;76.8
Pessac;7.0
Petit-Couronne;103.8
Petit-Croix;454.3
Petit-Jouy-Les Loges;116.7
Petit-Quevilly;4.4
Petit-Vaux;96.7
Peyrehorade;287.8
Peyrilhac-St-Jouvent;455.5
Pezou;165.5
Phalempin;235.5
Pibrac;22.1
Picon-Busserine;440.4
Picquigny;144.7
Pierre-Bénite;553.5
Pierre-Buffière;421.7
Pierrefite-Stains TT;49.8
Pierrefitte-Stains;10.1
Pierrelatte;682.8
Pierrelaye;23.8
Pierreville;20.6
Pignans;104.7
Pihen;282.3
Pins-Justaret;17.4
Pithiviers;159.2
Plaintel;485.1
Plaisir-Grignon;32.2
Plaisir-Les Clayes;31.0
Plancoët;183.1
Planès;25.2
Pléchâtel;403.1
Pleine-Fougères;121.1
Plénée-Jugon;438.1
Plerguer;145.8
Plestan;447.0
Pleudihen;155.9
Pleyber-Christ;571.8
Plouaret-Trégor;530.9
Plouaret-Trégor;530.9
Plougonver;528.4
Plouharnel-Carnac;598.1
Plouigneau;553.4
Plounérin;539.1
Plouvara-Plerneuf;485.0
Podensac;27.5
Poinçon;26.5
Pointe-de-Grave;101.9
Poissy;25.8
Poitiers;336.6
Poix-de-Picardie;30.3
Poix-Terron;126.2
Poliénas;66.5
Poligny;413.1
Polisot;203.8
Polliat;27.6
Pomas;363.6
Pomblière-St-Marcel;57.2
Pommevic;164.7
Pompadour;468.7
Pompadour-Maisons-Alfort;7.7
Pompey;344.8
Pons;515.7
Pontailler-sur-Saône;20.8
Pont-à-Mousson;362.1
Pontanevaux;450.7
Pontarlier;453.6
Pont-Audemer;170.9
Pont-à-Vendin;1.0
Pont-à-Vendin;217.3
Pont-Cardinet;1.5
Pont-Cardinet;1.5
Pont-Cardinet;1.5
Pont-Cardinet;8.9
Pontchaillou;377.3
Pontcharra-St-Forgeux;467.6
Pontcharra-sur-Breda-Allevard;41.4
Pontchâteau;483.6
Pont-d'Ain;56.5
Pont-d'Ardres;94.5
Pont-de-Beauvoisin;77.3
Pont-de-Bois;5.0
Pont-de-Briques;248.4
Pont-de-Buis Lès Quimerc'h;721.8
Pont-de-Claix;138.1
Pont-de-Dore;34.1
Pont-de-la-Deûle;220.4
Pont-de-l'Alma;1.1
Pont-de-l'Arche;119.0
Pont-de-l'Arche;53.0
Pont-de-Lignon;97.9
Pont-de-Roide;15.8
Pont-de-Rungis-Aéroport-d'Orly;16.4
Pont-de-Rungis-Aéroport-d'Orly;5.7
Pont-de-Sallaumines;211.6
Pont-de-Veyle;7.8
Pont-du-Casse;646.5
Pont-du-Château;11.1
Pont-du-Château (FRET);12.3
Pont-du-Garigliano-Hôpital-Georges-Pompidou;4.5
Pontfaverger;13.3
Pontgibaud;468.6
Pontgouin;113.4
Pont-Hébert;10.4
Ponthierry-Pringy;47.6
Pontivy;547.0
Pontivy;639.9
Pont-l'Évêque;207.5
Pont-Melvez;523.5
Pontmort;399.0
Pontoise;29.4
Pontoise;33.3
Pontorson-Mont-St-Michel;115.8
Pont-Petit;29.7
Pont-Remy;166.7
Pontrieux;526.3
Pontrieux-Halte;525.2
Pont-Ste-Maxence;61.9
Pont-St-Vincent;13.8
Pont-sur-Yonne;101.3
Porchefontaine;15.8
Pornichet;506.1
Port-Boulet;281.7
Port-Brillet;317.1
Port-d'Atelier-Amance;124.3
Port-d'Atelier-Amance;360.5
Port-de-Bouc;834.4
Port-de-Piles;281.1
Porte-de-Clichy;9.3
Port-Édouard-Herriot;514.2
Porté-Puymorens;150.3
Portes;622.5
Portets;20.3
Portet-St-Simon;11.7
Port-Fluvial-de-Chalon-sur-Saône;103.9
Port-la-Nouvelle;425.1
Port-Sec-de-Pacy;213.0
Port-Ste-Marie;115.6
Port-Ste-Marie;115.6
Port-St-Louis-du-Rhône;22.0
Port-St-Père-St-Mars;20.2
Port-Vendres;497.3
Pougny-Chancy;147.8
Pougues-les-Eaux;240.1
Pouilly-sur-Loire;214.0
Poussay;54.3
Pouxeux;15.8
Pouzauges;93.1
Prades-Molitg-les-Bains;507.3
Praye-sous-Vaudémont;38.4
Précy-sur-Oise;57.3
Pré-en-Pail;27.3
Preignac;36.6
Prémery;271.3
Presles-Courcelles;31.6
Prin-Deyrançon;91.7
Pringy;44.1
Prissé-la-Charrière;437.6
Prouvy-Thiant;235.4
Prouvy-Thiant;54.4
Provenchères-sur-Fave;73.0
Provins;95.0
Prunay;209.2
Pruniers;214.4
Puget-Ville;97.2
Pulligny-Autrey;22.4
Puteaux;9.5
Puybrun;648.5
Puy-Guillaume;385.3
Puyoô;270.2
Quédillac;415.4
Quéménéven;702.6
Quesnoy-le-Montant;186.6
Quesnoy-sur-Deûle;13.8
Questembert;540.3
Quiberon;612.1
Quillan;401.6
Quimper;684.8
Quimperlé;639.7
Quincieux;487.9
Quintin;492.8
Rabastens-Couffouleux;359.6
Raedersheim;87.3
Rai-Aube;146.6
Raismes;244.4
Rambouillet;47.8
Ranchot;380.7
Rang-du-Fliers-Verton;215.0
Ranguin;5.6
Ranspach;25.7
Raon-l'Étape;418.7
Rassuen;822.9
Raves-Ban-de-Laveline;78.8
Razac;65.3
Réaumont-St-Cassien;99.2
Recquignies;234.3
Réding;435.2
Redon;511.4
Régny;437.2
Réhon;242.1
Reichshoffen-Usines;16.8
Reichshoffen-Ville;18.3
Reichstett;7.7
Reignac;269.6
Reignier;84.9
Reims;54.8
Reims-Maison-Blanche;168.5
Reims-St-Léonard;216.0
Rémelfing;72.0
Rémilly;0.0
Rémilly;132.1
Remiremont;27.3
Remise-à-Jorelle;0.5
Remoulins-Pont-du-Gard;768.2
Rémy;53.8
Renescure;58.4
Rennes;373.2
Rethel;94.0
Rethondes;69.6
Retiers;26.6
Retournac;85.3
Reuilly;220.3
Revel-Sorèze;337.1
Revigny;238.0
Revin;175.4
Rezé-Pont-Rousseau;1.8
Ria;510.9
Ribécourt;96.8
Richwiller;98.8
Riedseltz;52.3
Rieux-Angicourt;55.6
Rilly-la-Montagne;160.7
Rimaucourt;17.9
Riom-Châtel-Guyon;405.5
Riom-Châtel-Guyon;405.6
Ris-Orangis;25.5
Rivarennes;217.5
Rive-de-Gier;523.1
Rives;94.9
Rivesaltes;459.3
Rixheim;10.8
Rixheim;113.7
Roanne;420.5
Rocamadour-Padirac;194.2
Rochefort;208.2
Roche-lez-Beaupré;414.6
Rochy-Condé;7.1
Rochy-Condé;80.4
Rodez;309.7
Rodez;624.3
Roeschwoog;36.3
Roeux;200.8
Rognac;0.0
Rognac;834.9
Roissy-Aéroport-Charles-de-Gaulle 1;27.4
Roissy-Aéroport-Charles-de-Gaulle 2-TGV (RER);28.7
Roissy-en-Brie;29.9
Rolampont;286.4
Rolleville;233.3
Romanèche-Thorins;455.4
Romans-Bourg-de-Péage;19.5
Rombas-Clouange;339.4
Romilly-la-Puthenaye;132.9
Romilly-sur-Seine;128.7
Romorantin (Voie étroite);207.3
Ronchamp;421.1
Ronchin;246.4
Roncq;283.4
Roppenheim;24.8
Roppenheim;39.4
Roquefort (Landes);153.5
Roquesérière;371.7
Rosa Parks;2.5
Roscoff;28.2
Rosheim;29.8
Rosières;31.0
Rosières-aux-Salines;370.1
Rosières-aux-Salines;42.9
Rosny-Bois-Perrier;11.2
Rosny-sous-Bois;12.6
Rosny-sur-Seine;62.8
Rosporden;664.6
Rosult;29.6
Rothau;44.9
Roubaix;9.8
Roubaix-Wattrelos;16.9
Roubaix-Wattrelos;271.5
Rouen-Martainville;137.8
Rouen-Orléans;2.4
Rouen-Rive-Droite;139.5
Rouessé-Vassé;252.4
Rouffach;78.8
Rougebarre;3.6
Rougemont-Chanteloup;6.5
Rouillé;27.8
Roumazières-Loubert;0.0
Roumazières-Loubert;467.3
Rountzenheim;34.3
Route-de-Launaguet;253.5
Rouxmesnil;163.6
Rouxmesnil;2.7
Royan;37.2
Royat-Chamalières;501.9
Roye (Somme);119.0
Rozières-sur-Mouzon;42.1
Rue;198.9
Rueil-Malmaison;13.7
Ruelle;513.8
Ruffec;402.1
Ruffey;327.8
Rully;369.3
Rumilly;20.9
Ruminghem;80.9
Rungis-la-Fraternelle;18.0
Rungis (MIN);17.2
Russ-Hersbach;39.0
Saales;61.6
Sablé-sur-Sarthe;258.9
Saillagouse;44.7
Saillans;32.8
Saillat-Chassenon;446.8
Sain-Bel;25.5
Saincaize;263.6
Saincaize;291.8
Saincaize;291.8
Sains-du-Nord;100.3
Saintes;488.5
Saintes;491.6
Salaise;567.3
Salbris;178.7
Saléchan-Siradan;118.1
Saleux;7.6
Salindres;756.5
Sallanches-Combloux-Megève;40.6
Sallaumines;211.4
Sallèles-d'Aude;417.7
Salles-Courbatiès;257.1
Salomé;24.8
Salon;56.1
Salses;450.0
Sannois;12.7
Sanry-sur-Nied;137.8
Santenay-les-Bains;158.4
Santes;13.2
Santeuil-Le Perchay;43.1
Saône;416.1
Sarcelles-St-Brice;14.7
Sarlat;590.2
Sarliève-Cournon;427.1
Sarralbe;27.5
Sarralbe;8.0
Sarralbe;82.5
Sarrance;268.8
Sarrebourg;0.0
Sarrebourg;0.5
Sarrebourg;431.8
Sarreguemines;0.0
Sarreguemines;74.5
Sarreguemines;84.0
Sarreinsming;70.4
Sarre-Union;17.9
Sartrouville;15.5
Sathonay-Rillieux;13.5
Sathonay-Rillieux;389.3
Sathonay-Rillieux;7.0
Saubusse-les-Bains;161.9
Saujon;28.2
Saulieu;270.9
Saulnes;248.8
Saulon;327.5
Saulxures;54.9
Saumur;285.6
Saumur;299.1
Sausset-les-Pins;851.2
Sauto;22.7
Sauveterre-la-Lémance;594.0
Savenay;469.5
Savenay;469.5
Savennières-Béhuard;355.4
Saverdun;48.4
Saverne;458.0
Savigny-le-Temple-Nandy;34.3
Savigny-sur-Orge;21.8
Savonnières;248.8
Savy-Berlette;213.6
Sceaux-Boësse;178.1
Scherwiller;3.5
Schiltigheim;3.0
Schirmeck-La Broque;42.4
Schopperten;21.1
Schweighouse-sur-Moder;33.5
Schweighouse-sur-Moder;3.8
Schwindratzheim;476.6
Seclin;239.3
Sedan;158.5
Sées;76.0
Sélestat;0.0
Sélestat;0.0
Sélestat;43.2
Selles-St-Denis;190.7
Selles-sur-Cher;241.0
Selommes;44.8
Seltz;45.2
Semur-en-Auxois;262.3
Sénas;44.1
Sennecey-le-Grand;398.5
Senozan;429.2
Sens;112.6
Séon-St-Henry;853.2
Septèmes;430.2
Sept-Saulx;201.7
Serdinya;5.0
Sérézin;526.4
Sérifontaine;76.7
Sermaise;51.1
Sermizelles-Vézelay;214.2
Serqueux;118.4
Serqueux;71.4
Serquigny;0.4
Serquigny;148.9
Serres;256.1
Servas-Lent;56.3
Servon;357.3
Servoz;6.8
Sessenheim;31.2
Sète;0.0
Sète;104.5
Seugy;33.7
Seurre;359.7
Sévérac;498.6
Sévérac-le-Château;579.6
Sévérac-le-Château;579.6
Sevran-Beaudottes;17.6
Sevran-Livry;17.5
Sèvres-Rive-Gauche;9.6
Sèvres-Ville-d'Avray;16.6
Seyssel-Corbonod;116.2
Sézanne;131.7
Sézanne;53.8
Sibelin;522.9
Sierck-les-Bains;18.1
Sierentz;124.9
Sillé-le-Guillaume;0.0
Sillé-le-Guillaume;246.5
Sillery;212.2
Simandre-sur-Suran;22.4
Simiane;423.3
Sin-le-Noble;220.9
Siorac-en-Périgord;564.4
Siorac-en-Périgord;564.4
Siorac-en-Périgord;564.8
Sisteron;290.6
Soissons;104.3
Solférino;96.1
Solignac-Le Vigen;412.9
Solliès-Pont;83.8
Somain;223.5
Somain;229.3
Somain;231.2
Sommery;80.4
Sommesous;25.9
Sorcy;302.2
Sorgues-Châteauneuf-du-Pape;0.0
Sorgues-Châteauneuf-du-Pape;731.4
Sospel;33.5
Sotteville;133.6
Souillac;537.0
Soulac-sur-Mer;93.0
Soultz-sous-Forêts;41.1
Souppes-Château-Landon;96.8
Sous-le-Bois;226.3
Sous-le-Bois;82.5
Souvigny;394.4
Stade-de-France-St-Denis;4.2
Staffelfelden;94.2
St-Agnan;46.6
St-Agne;3.9
St-Aignan-Noyers;254.5
St-Aigulin-La Roche-Chalais;513.9
Stains;50.6
Stains-Cerisaie TT;51.7
St-Amand-de-Vendôme;190.6
St-Amand-les-Eaux;245.9
St-Amand-les-Eaux;34.2
St-Amand-les-Eaux;34.8
St-Amand-Montrond-Orval;278.0
St-Amarin;24.1
St-Amour;475.9
St-André;20.5
St-André;7.7
St-André-de-Corcy;27.4
St-André-de-Cubzac;590.7
St-André-de-l'Eure;25.0
St-André-le-Gaz;63.4
St-Antoine-de-Breuilh;580.0
St-Antoine-du-Rocher;255.8
St-Antoine (MR);434.8
St-Armel;46.8
St-Astier;58.2
St-Aubin-du-Vieil-Évreux;101.4
St-Aubin-du-Vieil-Évreux;37.0
St-Aubin (Jura);355.1
St-Aubin-St-Luperce;98.6
St-Aubin-sur-Scie;193.3
St-Aulaire;486.5
St-Aunès;68.4
St-Avold;28.0
St-Avre-la-Chambre;198.1
St-Ay;135.0
St-Béron-La Bridoire;82.5
St-Blaise-la-Roche-Poutay;52.3
St-Bonnet-de-Rochefort;385.5
St-Brice-Courcelles;51.7
St-Brice-sur-Vienne;434.8
St-Brieuc;474.5
St-Brieuc;474.5
St-Brieuc;474.6
St-Cergues-les-Voirons;179.0
St-Césaire;30.9
St-Chamas;814.3
St-Chamond;513.5
St-Chély-d'Apcher;652.9
St-Chéron;46.5
St-Christophe;279.0
St-Clair-les-Roches;554.2
St-Claude;73.2
St-Clément-Laronxe;395.8
St-Cloud;14.1
St-Cloud;14.1
St-Cyprien-Arènes;9.6
St-Cyprien-en-Dordogne;571.7
St-Cyr;21.4
St-Cyr;21.4
St-Cyr-en-Val-La Source;133.1
St-Cyr-les-Lècques-La Cadière;43.2
St-Dalmas-de-Tende;58.1
St-Denis;6.1
St-Denis-Catus;585.2
St-Denis-de-Pile;539.4
St-Denis-des-Murs;415.1
St-Denis-Jargeau;139.5
St-Denis-près-Martel;175.2
St-Dié-des-Vosges;435.7
St-Dié-des-Vosges;48.9
St-Dié-des-Vosges;86.5
St-Dizier;234.3
St-Dizier;27.7
Ste-Anne;582.0
Ste-Bazeille;72.0
Ste-Cécile-d'Andorge;652.5
Ste-Christie;192.1
Ste-Colombe;446.2
Ste-Colombe-les-Vienne-St-Romain-en-Gal;542.3
Ste-Colombe-Septveilles;90.1
Ste-Colombe-sur-Seine;231.2
Ste-Colombe-sur-Seine;33.5
Steenbecque;257.4
Steenwerck;27.5
Ste-Eulalie-Carbon-Blanc;602.7
Ste-Foy-la-Grande;585.6
Ste-Gauburge;156.5
Ste-Geneviève-des-Bois;25.9
St-Égrève-St-Robert;124.2
Steinbourg;462.5
Ste-Léocadie;48.4
Ste-Lizaigne;230.1
St-Éloy;367.5
Ste-Marguerite;17.7
Ste-Marthe-en-Provence;439.4
Ste-Maure-Noyant;269.7
St-Émilion;554.7
Stenay;107.8
Ste-Pazanne;0.5
Ste-Pazanne;26.4
Stephansfeld;486.6
St-Erme;34.1
St-Étienne-Bellevue;133.1
St-Étienne-Carnot;137.0
St-Étienne-Châteaucreux;502.1
St-Étienne-de-Montluc;453.5
St-Étienne-du-Rouvray;129.6
St-Étienne-La Terrasse;499.2
St-Étienne-Le Clapier;135.6
St-Étienne-Pont-de-l'Âne;503.8
St-Fargeau;43.4
St-Féliu-d'Avall;479.3
St-Florentin-Vergigny;0.0
St-Florentin-Vergigny;172.3
St-Florentin-Vergigny;172.3
St-Florent-sur-Cher;239.2
St-Flour-Chaudes-Aigues;689.6
St-Fons;516.7
St-Gaudens;90.3
St-Geniès-de-Malgoirès;698.8
St-Genouph;244.9
St-Georges-d'Aurac;513.0
St-Georges-de-Commiers;149.7
St-Georges-de-Luzençon;538.2
St-Georges-de-Reneins;468.2
St-Geours;166.3
St-Germain-au-Mont-d'Or;490.8
St-Germain-des-Fossés;354.4
St-Germain-du-Puy;239.7
St-Germain-du-Puy;239.7
St-Germain-en-Laye-Bel-Air-Fourqueux;18.0
St-Germain-en-Laye-Grande-Ceinture;19.0
St-Germain-les-Belles;437.2
St-Germain-St-Rémy;91.0
St-Germain-sur-Ille;393.7
St-Germain-sur-Meuse;88.2
St-Gervais-les-Bains-Le Fayet;0.0
St-Gervais-les-Bains-Le Fayet;46.9
St-Gildas-des-Bois;494.2
St-Gilles;7.6
St-Gilles-Croix-de-Vie;12.7
St-Gilles-du-Gard;17.2
St-Gratien;18.4
St-Hilaire;92.1
St-Hilaire-au-Temple;186.1
St-Hilaire-au-Temple;186.1
St-Hilaire-Brizambourg;473.9
St-Hilaire-de-Chaléons;0.0
St-Hilaire-de-Chaléons;0.3
St-Hilaire-de-Chaléons;4.2
St-Hilaire-de-Riez;10.0
St-Hilaire-St-Nazaire;36.4
St-Jacques-de-la-Lande;378.7
St-Jean-d'Angély;463.0
St-Jean-de-Losne;345.0
St-Jean-de-Losne;54.7
St-Jean-de-Luz-Ciboure;220.4
St-Jean-de-Maurienne-Arvan;208.1
St-Jean-de-Sauves;40.7
St-Jean-de-Verges;77.3
St-Jean-Pied-de-Port;249.6
St-Jean-Pla-de-Corts;499.6
St-Jodard;441.7
St-Jory;240.8
St-Joseph-Le Castellas;437.5
St-Juéry;422.3
St-Julien-Clénay;333.3
St-Julien-du-Sault;134.6
St-Julien-Écuisses;137.3
St-Julien-en-Genevois;157.5
St-Julien-Montricher;214.3
St-Junien;439.0
St-Just-en-Chaussée;79.5
St-Laurent-d'Aigouze;31.6
St-Laurent-de-la-Prée;200.3
St-Laurent-du-Var;216.8
St-Laurent-Gainneville;217.5
St-Laurent (Jura);36.3
St-Léger-sur-Dheune;149.3
St-Léonard;0.0
St-Léonard;40.8
St-Léonard-de-Noblat;407.5
St-Léon-sur-l'Isle;55.2
St-Leu-d'Esserent;60.6
St-Leu-la-Forêt;18.7
St-Lô;0.0
St-Lô;18.5
St-Lothain;419.2
St-Loubès;565.0
St-Louis;0.0
St-Louis;135.2
St-Louis-la-Chaussée;132.4
St-Louis-la-Chaussée;19.7
St-Louis-les-Aygalades;856.0
St-Macaire;44.4
St-Maixent-l'Ecole;50.0
St-Malo;454.1
St-Mammès;68.1
St-Marcel;8.4
St-Marcel-en-Dombes;31.0
St-Marcellin;48.0
St-Mariens-St-Yzan;572.7
St-Mars-la-Brière;197.2
St-Martin-de-Crau;792.5
St-Martin-d'Étampes;57.5
St-Martin-d'Oney;133.8
St-Martin-du-Mont;51.1
St-Martin-du-Touch;13.4
St-Martin-du-Vivier;109.7
St-Martin-le-Beau;293.3
St-Martory;71.7
St-Masmes;9.3
St-Mathurin;323.8
St-Maurice-de-Beynost;18.5
St-Maur-sur-Indre;348.0
St-Médard-de-Guizières;7.4
St-Médard-d'Eyrans;13.4
St-Médard-sur-Ille;398.0
St-Méen;68.2
St-Mesmin;147.0
St-Michel-Notre-Dame;0.0
St-Michel-sur-Charente;62.6
St-Michel-sur-Meurthe;428.8
St-Michel-sur-Orge;28.0
St-Michel-Valloire;220.4
St-Nabord;23.3
St-Nazaire;494.0
St-Nazaire;494.0
St-Nom-la-Bretêche-Forêt-de-Marly;13.4
St-Nom-la-Bretêche-Forêt-de-Marly;29.9
St-Omer;66.4
St-Omer-en-Chaussée;94.2
St-Ouen;11.0
St-Ouen-du-Breuil;24.6
St-Ouen-l'Aumône;28.6
St-Ouen-l'Aumône-Église;32.1
St-Ouen-l'Aumône-Liesse;26.3
St-Ours-les-Roches;474.9
St-Paterne;272.0
St-Patrice;269.0
St-Paul-de-Fenouillet;437.4
St-Paul-de-Varax;51.7
St-Pé-de-Bigorre;187.2
St-Péray;616.0
St-Piat;72.8
St-Pierre-d'Albigny;162.4
St-Pierre-d'Aurillac;47.6
St-Pierre-de-Chignac;90.7
St-Pierre-des-Corps;233.0
St-Pierre-du-Vauvray;106.7
St-Pierre-du-Vauvray;106.7
St-Pierre-en-Faucigny;6.2
St-Pierre-la-Cour;321.5
St-Pierre-le-Moûtier;280.7
St-Pierre-lès-Elbeuf;87.5
St-Pierre-le-Viger-Fontaine-le-Dun;27.4
St-Pierre-Quiberon;607.9
St-Pierre-sur-Dives;135.8
St-Pol-de-Léon;21.6
St-Pol-sur-Ternoise;72.8
St-Pourçain-sur-Sioule;343.3
St-Priest;11.9
St-Priest-Taurion;397.9
St-Quentin;153.0
St-Quentin-en-Yvelines;2.0
St-Quentin-en-Yvelines;24.0
St-Quentin-Fallavier;26.2
St-Rambert-d'Albon;0.0
St-Rambert-d'Albon;571.7
St-Rambert-d'Albon;84.3
St-Rambert-en-Bugey;62.8
St-Raphaël-Valescure;161.1
Strasbourg-Cronenbourg;0.0
Strasbourg-Cronenbourg;500.0
Strasbourg-Neudorf;2.4
Strasbourg-Port-du-Rhin;7.2
Strasbourg-Roethig;3.9
Strasbourg-Ville;0.0
Strasbourg-Ville;0.0
Strasbourg-Ville;0.0
Strasbourg-Ville;502.0
Strazeele;39.7
St-Remy-en-l'Eau;75.4
St-Roch (Somme);132.6
St-Roch (Somme);2.0
St-Romain-de-Popey;471.9
St-Romain-le-Puy;118.1
St-Rome-de-Cernon;531.7
St-Saturnin-d'Avignon;12.2
St-Sauveur-Châteauneuf;23.7
St-Savinien-sur-Charente;235.7
St-Saviol;388.0
St-Sébastien;323.0
St-Sébastien-Frêne-Rond;5.3
St-Sébastien-Pas-Enchantés;3.1
St-Senoux-Pléchâtel;399.5
St-Seurin-sur-l'Isle;11.2
St-Sever;87.6
St-Sulpice;249.4
St-Sulpice;365.9
St-Sulpice-Auteuil;66.8
St-Sulpice-Izon;561.6
St-Sulpice-Laurière;368.1
St-Symphorien-de-Marmagne;117.3
St-Thégonnec;577.4
St-Valéry-en-Caux;201.2
St-Vallier-sur-Rhône;584.6
St-Varent;337.5
St-Victor;170.2
St-Victor-Thizy;443.3
St-Victurnien;429.9
St-Vincent-de-Tyrosse;171.9
St-Vincent-le-Château;68.2
St-Vit;388.0
St-Yorre;373.1
St-Yrieix;442.7
Sucé-sur-Erdre;445.0
Sucy-Bonneuil;19.4
Sucy-Bonneuil;76.9
Suèvres;165.1
Suippes;202.2
Sully-sur-Loire;49.0
Surdon;181.8
Surdon;84.5
Suresnes-Mont-Valérien;11.1
Surgères;107.5
Survilliers-Fosses;29.7
Sury-le-Comtal;123.7
Tacoignières-Richebourg;55.6
Taconnaz;14.4
Tagolsheim;478.8
Taillebourg;242.6
Tain-l'Hermitage-Tournon;598.9
Tamnay-Châtillon;283.5
Tamnay-Châtillon;283.5
Tamnay-Châtillon;283.6
Tantonville;30.0
Tanus;447.3
Tarare;462.7
Tarascon;0.0
Tarascon;1.5
Tarascon;762.9
Tarascon-sur-Ariège;98.0
Tarbes;156.3
Tassin;113.9
Tassin;5.7
Tavaux-Solvay;72.7
Taverny;20.6
Teillé;22.7
Templeuve;14.3
Tenay-Hauteville;69.3
Tende;50.4
Tergnier;130.9
Tergnier;78.8
Terrasson;128.4
Terrenoire;505.9
Tessonnières;338.7
Teting;21.8
TGV Haute-Picardie;110.8
Thann;14.4
Thann-Centre;14.8
Thann-St-Jacques;15.5
Thaon;43.3
Thédirac-Peyrilles;577.5
Theillay;191.0
Thenissey;271.2
Thenon;108.9
Théoule-sur-Mer;184.2
Thésée;261.2
Thézy-Glimont;138.2
Thiaville;416.4
Thiennes;253.2
Thiers;45.9
Thieux-Nantouillet;31.3
Thionville;188.0
Thiviers;463.4
Thiviers;463.4
Thoiry;158.1
Thomery;63.3
Thonon-les-Bains;202.7
Thouaré;420.9
Thouars;325.1
Thourotte;91.8
Thuès;16.3
Thuès-les-Bains;13.9
Thun-le-Paradis;40.8
Tieffenbach-Struth;40.6
Tiercé;287.7
Tiercelet-Villers-la-Montagne;362.6
Tillières;107.6
Tincques;218.0
Tonnay-Charente;214.6
Tonneins;95.9
Tonnerre;196.2
Torfou;17.0
Torpes-Boussières;8.7
Touët-de-l'Escarène;24.9
Toul;0.0
Toul;114.0
Toul;319.4
Toulon;67.0
Toulouse-Matabiau;256.4
Tourcoing;12.4
Tournan;40.8
Tournay;138.6
Tournemire-Roquefort;524.6
Tournemire-Roquefort;524.6
Tournes;150.5
Tournes;51.0
Tournon-St-Martin;331.2
Tournus;407.8
Tours;235.7
Tours;235.7
Tours;235.8
Tourville;56.6
Toury;88.3
Tracy-Sancerre;204.7
Traou-Nez;533.6
Trappes;27.1
Trappes-Marchandises;28.3
Trèbes;354.3
Trégonneau-Squiffiec;514.7
Trélazé;336.1
Trémentines;31.9
Trémolat;636.1
Trentels-Ladignac;615.5
Tressin;262.3
Tricot;105.3
Trie-Château;65.7
Triel-sur-Seine;33.2
Trilport;50.2
Trith-St-Léger;238.1
Trogues;37.9
Trois-Chênes;440.9
Trois-Puits;165.3
Tronsanges;235.0
Trouville-Deauville;219.3
Trouville-Deauville;50.1
Troyes;166.2
Troyes;166.2
Troyes;166.2
Tulle;173.4
Tullins-Fures;71.8
Turckheim;5.9
Turenne;163.1
Uchaud;38.9
Uckange;181.9
Ugine;36.2
Urçay;293.5
Ur-les-Escaldes;58.7
Urmatt;31.6
Urt;304.9
Us;39.8
Ussel;496.6
Ustaritz;209.9
Uzel;509.8
Uzerche;459.8
Vaas;291.7
Vaires-Torcy;22.5
Val-d'Argenteuil;12.7
Val-de-Fontenay;14.5
Val-de-Reuil;111.6
Val-de-Vesle;205.6
Valençay;234.7
Valence;616.9
Valence-d'Agen;161.2
Valence-TGV;10.5
Valenciennes;242.4
Valenciennes;250.0
Valenciennes;47.4
Valenton;81.4
Valergues-Lansargues;59.4
Valleiry;147.1
Valleroy-Moineville;324.4
Vallon;304.6
Vallorcine;34.1
Valmondois;36.8
Valmy;221.6
Valognes;342.6
Vandières;368.1
Vannes;565.8
Vanves-Malakoff;3.7
Varades-St-Florent-le-Vieil;385.2
Varangéville-St-Nicolas;365.4
Varennes-sur-Allier;341.4
Varennes-sur-Fouzon;227.3
Varetz;494.2
Varilhes;73.5
Vauboyen;113.0
Vaucelles;19.9
Vaucresson;19.4
Vaudagne;8.9
Vaulry;445.0
Vaumoise;68.2
Vauvert;21.1
Vauxaillon;118.5
Vaux-en-Bugey;4.0
Vaux-sous-Aubigny;367.6
Vaux-sur-Seine;37.5
Vauzelles;250.9
Vayrac;641.5
Vayres;555.3
Veauche-St-Galmier;482.2
Veigné;253.5
Velars;305.4
Vélines;576.1
Vendenheim;492.4
Vendeuvre (Aube);199.0
Vendeuvre-Jort;129.5
Vendôme;176.1
Vendôme;32.5
Vendôme-Villiers-sur-Loir;162.1
Vénerque-le-Vernet;22.9
Vénissieux;7.7
Vénissieux-Nord;9.7
Venizel;4.4
Verberie;73.9
Verdun;276.3
Verdun;54.3
Verdun-sur-le-Doubs;27.2
Véretz-Montlouis;300.1
Vergèze-Codognan;43.4
Vermenton;197.4
Vern;50.5
Vernaison;546.1
Vernet-d'Ariège;56.0
Verneuil-l'Étang;52.5
Verneuil-sur-Avre;117.2
Verneuil-sur-Serre;149.7
Verneuil-sur-Vienne;419.3
Vernon-Giverny;79.9
Vernouillet-Verneuil;34.6
Vernou-sur-Seine;85.2
Verrey;278.4
Versailles-Chantiers;0.0
Versailles-Chantiers;16.6
Versailles-Matelots;3.1
Versailles-Matelots;3.1
Versailles-Rive-Droite;22.9
Versailles-Rive-Gauche;17.6
Versigny;89.9
Vertaizon;15.1
Vert-Galant;20.0
Vertou;6.9
Vervins;178.9
Verzeille;359.8
Vesoul;381.0
Veuves-Monteaux;199.9
Veuxhaulles;22.7
Veynes-Dévoluy;240.0
Veynes-Dévoluy;240.0
Vézelise;32.4
Viaduc-Ste-Marie;10.6
Viam;455.2
Viarmes;31.5
Vias;448.9
Vias;448.9
Vias;448.9
Vichy;364.9
Vic-le-Comte;437.2
Vic-Mireval;90.6
Vic-sur-Aisne;85.0
Vic-sur-Cère;322.3
Vidauban;129.9
Vieilleville;428.5
Vieilleville;428.5
Vielmur-sur-Agout;290.8
Vienne;542.4
Vierzon-Forges;204.7
Vierzon-Forges;204.9
Vierzon-Ville;201.1
Vierzy;93.7
Vieux-Thann;13.3
Vieux-Thann ZI;12.3
Viévola;42.3
Vif;151.1
Vigeois;468.2
Vigneux-sur-Seine;17.8
Vignols-St-Solve;479.0
Vignory;284.6
Villabé;35.2
Villaines;26.8
Villars-les-Dombes;38.1
Villedieu-les-Poêles;101.3
Villefort;626.8
Villefranche-de-Lauragais;289.3
Villefranche-de-Rouergue;273.1
Villefranche-du-Périgord;588.5
Villefranche-sur-Cher;223.8
Villefranche-sur-Mer;228.7
Villefranche-sur-Saône;477.0
Villefranche-Vernet-les-Bains;0.0
Villefranche-Vernet-les-Bains;513.1
Villefranque;206.9
Villeherviers;201.0
Villenave-d'Ornon;6.5
Villeneuve-d'Ingré;68.5
Villeneuve-la-Comtesse;444.1
Villeneuve-la-Guyard;89.2
Villeneuve-l'Archevêque;130.8
Villeneuve-le-Roi;12.4
Villeneuve-lès-Maguelone;84.3
Villeneuve-Loubet-Plage;209.2
Villeneuve-St-Georges;14.4
Villeneuve-sur-Allier;299.6
Villeneuve-sur-Yonne;127.0
Villeneuve-Triage;12.7
Villennes-sur-Seine;29.7
Villenouvelle;283.3
Villeparisis;22.8
Villeperdue;258.2
Villepinte;19.8
Villepreux-les-Clayes;28.3
Villereversure;18.9
Villers-Bretonneux;16.6
Villers-Cotterêts;77.4
Villers-Cotterêts;99.3
Villers-les-Pots;343.4
Villers-St-Paul;52.9
Villers-St-Sépulcre;75.4
Villers-sur-Mer;39.8
Villetaneuse-Université TT;48.0
Villiers-le-Bel-Gonesse-Arnouville;14.8
Villiers-le-Sec;256.8
Villiers-Montbarbin;8.2
Villiers-Neauphle-Pontchartrain;39.2
Villiers-St-Georges;110.9
Villiers-sur-Marne-Le Plessis-Trévise;20.7
Vimy;204.7
Vinay;58.0
Vinça;498.2
Vincey;30.2
Vions-Chanaz;104.4
Vire;0.0
Vire;74.2
Vireux-Molhain;195.8
Virieu-le-Grand-Belley;89.8
Virieu-sur-Bourbre;71.5
Viroflay-Rive-Droite;20.4
Viroflay-Rive-Gauche;13.9
Viroflay-Rive-Gauche;14.3
Virville-Manneville;207.5
Viry;152.4
Viry-Châtillon;22.7
Viry-Noureuil;126.1
Vis-à-Marles;50.9
Vitré;335.9
Vitrolles-Aéroport-Marseille-Provence;840.0
Vitry-en-Artois;207.4
Vitry-la-Ville;187.7
Vitry-le-François;204.9
Vitry-sur-Seine;5.4
Vittel;68.7
Viviers-du-Lac;128.3
Viviez-Decazeville;258.5
Vivoin-Beaumont;29.3
Vivonne;356.0
Vivy;278.0
Voiron;105.2
Voivres;223.1
Volvic;415.4
Volvic;487.0
Vonnas;16.9
Voreppe;117.4
Vorey;73.1
Vosves;52.4
Vougeot-Gilly-lès-Cîteaux;331.5
Voujeaucourt;479.2
Voutré;260.0
Vouziers;28.2
Voves;25.1
Voves;99.0
Voyenne;159.8
Vraincourt-Viéville;288.5
Vrigne-Meuse;151.8
Vulaines-sur-Seine-Samoreau;74.3
Wacquemoulin;98.3
Walbach;10.5
Walbourg;32.7
Walheim;477.3
Wallers;238.3
Walygator-Parc;168.7
Wambaix;198.4
Wambrechies;9.4
Wardrecques;68.6
Watten-Éperlecques;75.5
Wattignies-Templemars;242.9
Wavrin;15.9
Wesserling;27.2
Weyersheim;9.4
Wihr-au-Val-Soultzbach-les-Bains;12.7
Willer-sur-Thur;19.6
Wilwisheim;469.7
Wimille-Wimereux;259.5
Wingen-sur-Moder;30.0
Wisches;37.2
Wissembourg;57.7
Wissous;19.7
Wittring;64.7
Wizernes;73.0
Woincourt;200.5
Woippy;160.2
Xertigny;69.5
Xeuilley;17.7
Ychoux;75.5
Yerres;19.1
Yffiniac;465.0
Ygos;124.8
Ytrac;295.1
Yutz;3.5
Yvetot;177.1
Zetting;68.1
Zillisheim;484.1
Zoufftgen (IE);201.1
Zu-Rhein;3.8
